food_id,energy_kcal_100g,protein_g_100g,fat_g_100g,carb_g_100g,fiber_g_100g,sodium_mg_100g
1,34.0,0.3,0.0,0.0,0.0,
2,113.0,18.9,5.0,0.0,0.0,
3,359.0,0.3,17.2,50.7,16.7,
4,196.0,37.5,3.1,4.6,0.0,
5,383.0,4.1,10.5,67.9,1.4,
6,330.0,0.0,0.0,0.0,0.0,
7,240.0,6.0,10.2,31.0,0.0,
8,84.0,18.3,0.5,1.6,0.0,
9,20.0,1.0,0.2,3.6,0.6,
10,315.0,0.0,0.0,0.0,0.0,
11,63.0,10.3,1.5,2.1,0.0,
12,33.0,0.4,0.0,0.0,0.0,
13,56.0,0.8,0.6,11.9,2.6,
14,84.0,18.3,0.5,1.6,0.0,
15,80.0,0.0,0.0,0.0,0.0,
16,63.0,10.3,1.5,2.1,0.0,
17,347.0,0.0,0.0,0.0,0.0,
18,228.0,1.7,0.3,54.7,2.6,
19,219.0,6.8,2.3,42.7,33.9,
20,84.0,17.4,1.6,0.0,0.0,
21,66.0,14.1,1.1,0.0,0.0,
22,85.0,19.5,1.2,0.0,0.0,
23,136.0,21.0,4.6,2.6,0.0,
24,206.0,17.0,13.7,3.6,0.0,
25,365.0,11.7,2.7,73.5,0.0,
26,32.0,1.7,0.3,5.6,1.8,
27,352.0,0.0,0.0,0.0,0.0,
28,205.0,12.1,1.5,35.7,29.9,
29,21.0,1.5,0.2,3.4,2.6,
30,18.0,0.0,0.0,0.0,0.0,
31,123.0,18.6,5.4,0.0,0.0,
32,377.0,9.9,2.6,78.4,0.5,
33,260.0,0.0,0.0,0.0,0.0,
34,348.0,1.0,8.0,68.0,5.3,
35,435.0,7.2,16.4,64.6,3.0,
36,490.0,6.0,21.8,67.4,0.3,
37,308.0,1.2,0.6,74.5,2.9,
38,34.0,2.9,0.5,4.6,1.6,
39,344.0,9.0,1.0,74.4,0.6,
40,216.0,0.0,0.0,0.0,0.0,
41,38.0,0.3,0.1,9.0,3.4,
42,16.0,1.2,0.1,2.6,1.2,
43,51.0,3.2,0.4,8.6,1.8,
44,22.0,0.7,0.1,4.5,0.8,
45,157.0,9.5,3.7,21.5,10.4,
46,369.0,7.1,1.1,82.7,0.0,
47,352.0,8.0,0.7,78.3,0.0,
48,78.0,1.3,0.0,0.0,0.0,
49,102.0,19.7,2.2,0.9,0.0,
50,84.0,16.6,2.0,0.0,0.0,
51,342.0,8.9,1.2,73.9,0.4,
52,545.0,43.4,36.2,11.3,0.0,
53,72.0,4.6,1.4,10.2,3.2,
54,135.0,18.9,0.4,14.0,0.0,
55,195.0,3.8,5.6,32.4,43.0,
56,135.0,18.9,0.4,14.0,0.0,
57,95.0,18.4,2.1,0.7,0.0,
58,11.0,0.4,0.2,1.9,0.7,
59,30.0,3.9,0.4,2.7,2.2,
60,211.0,20.0,1.2,30.1,31.6,
61,212.0,17.8,1.3,32.3,32.3,
62,46.0,3.5,0.3,7.3,2.8,
63,45.0,0.0,0.0,11.2,0.0,
64,47.0,0.8,0.2,10.5,0.0,
65,126.0,2.4,5.3,17.3,0.0,
66,396.0,14.5,3.5,76.7,0.0,
67,153.0,2.9,6.8,20.0,0.0,
68,397.0,0.0,0.0,99.3,0.0,
69,314.0,5.4,0.1,72.9,0.0,
70,315.0,0.0,0.0,0.0,0.0,
71,19.0,1.0,0.1,3.5,1.4,
72,37.0,0.2,0.3,8.3,0.6,
73,50.0,0.3,0.5,11.2,0.1,
74,511.0,6.6,25.3,64.2,0.0,
75,41.0,0.5,0.1,9.5,1.3,
76,30.0,1.0,0.2,6.0,1.1,
77,107.0,21.1,2.3,0.5,0.0,
78,35.0,3.1,0.2,5.3,1.8,
79,127.0,17.7,4.9,3.1,0.0,
80,32.0,0.0,0.0,8.1,0.0,
81,338.0,15.1,31.5,0.0,0.0,
82,35.0,0.4,0.0,0.0,0.0,
83,436.0,16.6,38.4,6.0,0.0,
84,15.0,0.0,0.0,0.0,0.0,
85,260.0,24.5,16.0,4.5,1.0,
86,229.0,9.4,15.9,12.0,0.0,
87,181.0,9.3,0.5,34.7,0.0,
88,24.0,0.4,0.0,5.7,0.5,
89,574.0,36.0,46.1,3.8,4.1,
90,566.0,33.2,48.1,0.0,4.9,
91,336.0,0.9,0.2,82.6,0.7,
92,336.0,14.5,16.7,31.8,1.6,
93,212.0,29.4,7.9,5.8,0.0,
94,186.0,24.6,4.8,11.0,0.0,
95,22.0,1.5,0.2,3.6,1.0,
96,444.0,8.4,13.2,73.0,0.9,
97,22.0,4.2,0.1,1.2,1.5,
98,279.0,23.8,16.9,7.9,0.0,
99,80.0,0.0,0.0,0.0,0.0,
100,128.0,12.4,0.7,18.1,1.3,
101,246.0,22.8,0.8,36.8,21.9,
102,134.0,19.6,4.2,4.5,0.0,
103,233.0,15.7,18.1,1.7,0.0,
104,242.0,38.7,3.3,14.4,17.2,
105,207.0,33.4,1.5,15.0,22.6,
106,320.0,24.6,8.4,36.5,14.3,
107,313.0,60.0,4.6,7.8,0.0,
108,84.0,17.4,1.6,0.0,0.0,
109,75.0,6.0,0.0,12.8,3.9,
110,56.0,0.8,0.4,12.4,4.4,
111,330.0,16.0,27.4,4.9,0.0,
112,320.0,17.0,28.0,0.0,0.0,
113,268.0,40.1,0.2,26.5,0.0,
114,25.0,2.4,0.8,2.0,1.8,
115,385.0,16.5,36.0,0.0,0.0,
116,157.0,23.3,1.6,12.4,0.0,
117,36.0,0.5,0.0,0.0,0.0,
118,36.0,2.0,0.0,0.0,0.0,
119,53.0,0.9,0.2,11.8,0.0,
120,108.0,17.1,2.7,3.8,0.0,
121,60.0,2.9,0.8,10.2,0.0,
122,84.0,18.4,0.6,1.2,0.0,
123,128.0,23.2,3.6,0.8,0.0,
124,28.0,2.0,0.4,4.2,1.5,
125,539.0,12.4,42.0,27.9,10.6,
126,22.0,1.5,0.2,3.6,1.0,
127,273.0,5.0,0.2,62.8,2.0,
128,138.0,18.4,6.5,1.6,0.0,
129,76.0,2.0,0.2,16.5,0.7,
130,337.0,1.2,0.5,82.0,1.4,
131,34.0,2.6,0.0,5.8,1.0,
132,55.0,0.9,0.1,12.6,0.8,
133,41.0,0.5,0.1,9.5,1.3,
134,3.0,1.5,0.0,0.0,1.8,
135,34.0,2.0,0.4,5.5,1.3,
136,101.0,18.2,1.4,3.9,0.0,
137,25.0,2.6,0.4,2.8,1.4,
138,106.0,17.9,2.6,2.7,0.0,
139,96.0,21.2,1.2,0.0,0.0,
140,146.0,15.4,8.0,3.1,0.0,
141,82.0,15.2,0.9,3.4,0.0,
142,287.0,65.3,1.9,2.1,0.0,
143,484.0,19.9,22.7,49.9,0.0,
144,113.0,18.9,5.0,0.0,0.0,
145,100.0,16.7,2.3,3.0,0.0,
146,48.0,4.6,0.2,7.0,4.5,
147,51.0,3.2,0.4,8.6,1.8,
148,36.0,2.4,0.3,6.0,2.4,
149,95.0,0.5,0.6,22.0,3.1,
150,195.0,3.8,5.6,32.4,43.0,
151,22.0,1.0,0.2,4.0,1.4,
152,897.0,0.0,99.6,0.2,0.0,
153,88.0,19.8,1.1,0.0,0.0,
154,21.0,1.7,0.2,3.1,0.6,
155,14.0,1.3,0.1,1.9,0.9,
156,15.0,1.4,0.1,2.1,0.9,
157,106.0,17.9,2.6,2.7,0.0,
158,200.0,24.4,2.8,19.3,31.6,
159,30.0,1.7,0.3,5.2,1.3,
160,126.0,4.5,0.2,26.5,1.1,
161,136.0,5.2,0.2,28.4,1.2,
162,339.0,13.2,0.3,70.9,4.5,
163,90.0,18.5,0.4,3.0,0.0,
164,359.0,35.1,16.0,18.6,15.5,
165,341.0,0.5,0.0,84.8,0.5,
166,321.0,36.7,0.7,42.0,5.9,
167,15.0,1.5,0.1,1.7,2.0,
168,131.0,12.1,1.2,17.9,3.4,
169,143.0,17.2,8.6,0.0,0.0,
170,897.0,0.0,99.9,0.0,0.0,
171,349.0,13.6,2.7,67.6,3.5,
172,96.0,17.7,2.5,0.8,0.0,
173,96.0,17.7,2.5,0.8,0.0,
174,23.0,2.7,0.2,2.7,1.6,
175,181.0,18.6,10.8,2.3,0.0,
176,90.0,20.8,0.7,0.0,0.0,
177,13.0,0.6,0.1,2.4,0.8,
178,720.0,2.5,78.6,0.7,0.0,
179,447.0,3.6,48.3,0.0,0.0,
180,503.0,1.1,55.5,0.0,0.0,
181,472.0,13.3,20.2,59.3,0.0,
182,426.0,55.1,15.0,17.7,0.0,
183,460.0,12.2,42.9,6.3,0.0,
184,407.0,2.5,6.6,84.5,0.0,
185,343.0,53.7,2.5,26.5,0.0,
186,305.0,46.2,7.8,12.5,0.0,
187,328.0,25.7,23.5,3.5,0.0,
188,426.0,55.1,15.0,17.7,0.0,
189,41.0,1.3,0.6,7.6,2.7,
190,19.0,0.7,0.6,2.8,0.9,
191,273.0,9.1,5.7,46.3,17.7,
192,27.0,1.6,0.8,3.4,1.4,
193,342.0,10.4,0.9,73.2,0.0,
194,81.0,1.7,6.0,5.0,0.0,
195,81.0,1.7,6.0,5.0,0.0,
196,426.0,17.0,12.8,60.8,0.0,
197,32.0,1.7,0.3,5.6,1.8,
198,314.0,0.0,0.0,0.0,0.0,
199,314.0,0.0,0.0,0.0,0.0,
200,390.0,0.2,0.0,97.3,0.0,
201,240.0,22.4,16.7,0.1,0.0,
202,336.0,17.7,27.6,4.2,0.0,
203,43.0,0.8,0.1,9.7,0.5,
204,350.0,10.3,1.1,74.6,0.6,
205,528.0,5.4,35.2,47.5,0.5,
206,25.0,0.6,0.1,5.5,0.3,
207,93.0,18.6,0.8,2.8,0.0,
208,596.0,7.9,50.8,26.8,7.8,
209,15.0,1.5,0.3,1.6,1.1,
210,358.0,9.0,3.1,73.5,1.6,
211,46.0,1.4,0.7,8.4,0.0,
212,225.0,7.2,14.2,17.2,0.0,
213,251.0,14.5,11.8,21.6,33.9,
214,24.0,1.6,0.4,3.5,1.4,
215,153.0,30.7,2.2,2.5,0.0,
216,22.0,0.7,0.0,4.8,0.0,
217,61.0,1.2,0.4,13.1,0.6,
218,56.0,0.0,0.0,0.0,0.0,
219,352.0,12.0,0.0,76.1,10.2,
220,349.0,10.4,1.1,74.3,1.6,
221,392.0,36.4,10.1,38.9,5.6,
222,284.0,0.0,0.0,0.0,0.0,
223,297.0,0.0,0.0,0.0,0.0,
224,99.0,17.9,3.0,0.1,0.0,
225,99.0,17.9,3.0,0.1,0.0,
226,137.0,22.7,3.3,4.1,0.0,
227,28.0,0.8,0.2,5.7,1.0,
228,601.0,18.0,50.4,18.8,7.4,
229,596.0,7.9,50.8,26.8,7.8,
230,80.0,0.0,0.0,0.0,0.0,
231,369.0,0.5,0.0,91.7,0.9,
232,386.0,0.1,0.2,95.9,0.0,
233,56.0,1.9,0.2,11.6,0.8,
234,324.0,9.4,1.0,69.4,1.4,
235,95.0,0.5,0.6,22.0,3.1,
236,239.0,1.0,0.0,0.0,0.0,
237,586.0,4.3,40.1,51.9,1.5,
238,572.0,8.2,38.4,48.5,1.2,
239,400.0,1.3,12.0,71.8,0.4,
240,39.0,2.9,0.5,5.9,0.0,
241,122.0,21.2,3.1,2.2,0.0,
242,127.0,17.7,4.9,3.1,0.0,
243,295.0,26.9,7.1,30.8,12.9,
244,264.0,55.6,2.4,5.1,0.0,
245,328.0,25.7,23.5,3.5,0.0,
246,426.0,55.1,15.0,17.7,0.0,
247,20.0,1.9,0.3,2.3,2.32,
248,142.0,18.5,7.8,0.0,0.0,
249,154.0,3.3,0.6,33.9,0.8,
250,50.0,0.6,0.2,11.4,5.1,
251,392.0,7.2,14.0,59.3,11.5,
252,512.0,8.4,30.0,52.2,3.1,
253,372.0,27.0,2.0,61.6,2.2,
254,396.0,0.0,0.0,99.0,0.0,
255,456.0,5.9,18.7,66.1,3.9,
256,159.0,20.7,8.5,0.0,0.0,
257,242.0,6.0,3.3,47.1,15.9,
258,357.0,12.8,3.3,69.1,2.0,
259,77.0,16.0,1.4,0.0,0.0,
260,124.0,17.8,2.7,7.1,0.0,
261,326.0,25.3,0.4,55.4,6.5,
262,215.0,29.6,11.0,0.0,0.0,
263,32.0,0.6,0.2,7.0,1.3,
264,344.0,10.1,0.7,74.4,1.6,
265,347.0,9.6,0.6,75.7,0.3,
266,347.0,11.2,0.5,74.5,0.2,
267,278.0,16.7,23.1,0.7,0.0,
268,100.0,15.3,2.2,4.7,0.0,
269,41.0,0.8,0.2,9.1,0.4,
270,103.0,18.6,0.8,5.4,0.0,
271,171.0,21.4,8.5,2.2,0.0,
272,472.0,9.5,21.1,60.9,0.7,
273,13.0,0.8,0.0,2.5,0.6,
274,117.0,16.2,5.0,1.9,0.0,
275,59.0,1.5,0.1,13.0,3.0,
276,14.0,0.8,0.1,2.5,1.4,
277,102.0,17.3,3.7,0.0,0.0,
278,77.0,1.8,0.1,17.3,6.1,
279,14.0,1.1,0.1,2.1,0.9,
280,17.0,1.2,0.1,1.6,0.5,
281,88.0,20.4,0.5,0.5,0.0,
282,85.0,13.4,1.8,3.8,0.0,
283,463.0,6.1,33.7,33.8,1.0,
284,214.0,18.4,0.7,33.5,24.6,
285,207.0,22.4,0.2,29.0,24.9,
286,303.0,0.0,0.0,0.0,0.0,
287,323.0,0.0,0.0,0.0,0.0,
288,26.0,2.4,0.4,3.3,2.7,
289,330.0,0.0,0.0,0.0,0.0,
290,287.0,65.3,1.9,2.1,0.0,
291,429.0,8.0,18.4,57.8,0.0,
292,429.0,8.0,18.4,57.8,0.0,
293,438.0,6.4,21.4,54.9,4.1,
294,441.0,5.7,16.9,66.6,1.0,
295,424.0,7.1,15.7,63.5,1.4,
296,428.0,5.1,22.1,52.3,3.0,
297,405.0,8.2,13.6,62.5,3.1,
298,449.0,6.3,19.7,61.7,3.5,
299,32.0,0.6,0.2,7.0,1.3,
300,539.0,12.4,42.0,27.9,10.6,
301,27.0,0.4,0.1,6.2,0.8,
302,205.0,12.1,1.5,35.7,29.9,
303,21.0,1.5,0.2,3.4,2.6,
304,20.0,1.6,0.3,2.8,1.5,
305,572.0,8.2,38.4,48.5,1.2,
306,343.0,7.7,0.6,76.8,0.6,
307,84.0,12.6,0.8,6.6,0.0,
308,316.0,8.2,1.0,68.6,6.8,
309,36.0,0.7,0.2,7.8,0.9,
310,36.0,0.9,0.1,7.8,1.3,
311,35.0,1.0,0.1,7.5,1.1,
312,514.0,24.7,44.8,2.9,19.2,
313,640.0,12.6,62.6,8.6,12.4,
314,46.0,0.9,1.1,8.1,0.0,
315,37.0,0.6,0.2,8.3,1.4,
316,330.0,2.7,0.4,78.8,4.4,
317,329.0,0.8,0.6,80.2,1.8,
318,284.0,2.8,0.3,67.5,4.6,
319,286.0,0.2,0.3,70.5,0.4,
320,148.0,19.0,0.4,17.2,9.1,
321,28.0,0.8,0.2,5.7,1.0,
322,112.0,20.3,3.2,0.4,47.8,
323,619.0,14.1,58.5,9.0,12.4,
324,640.0,12.6,62.6,8.6,12.4,
325,698.0,13.4,70.6,2.2,10.0,
326,178.0,14.8,10.6,5.8,0.0,
327,171.0,14.2,10.7,4.5,0.0,
328,112.0,20.3,3.2,0.4,47.8,
329,112.0,20.3,3.2,0.4,47.8,
330,362.0,7.6,14.9,19.4,0.0,
331,185.0,4.2,0.7,40.5,1.7,
332,109.0,1.2,0.1,25.8,3.1,
333,39.0,0.8,0.2,8.5,0.8,
334,321.0,1.0,0.8,77.4,2.6,
335,20.0,1.9,0.8,1.4,0.0,
336,67.0,3.1,1.4,10.4,0.0,
337,472.0,44.5,24.7,18.0,2.7,
338,228.0,3.7,0.5,52.2,9.2,
339,214.0,3.9,0.8,47.9,7.3,
340,264.0,3.2,0.5,61.6,6.2,
341,298.0,2.1,0.4,71.6,9.5,
342,200.0,5.9,0.8,42.4,18.4,
343,321.0,1.3,0.2,78.6,5.8,
344,145.0,1.6,0.2,34.3,1.4,
345,322.0,1.2,1.1,76.7,0.0,
346,122.0,1.1,0.3,28.6,1.9,
347,367.0,0.8,24.1,36.8,24.2,
348,174.0,0.2,11.9,16.4,60.6,
349,44.0,5.6,1.1,2.9,1.6,
350,51.0,0.7,0.2,11.5,0.4,
351,43.0,0.8,0.1,9.7,0.5,
352,41.0,0.8,0.2,9.1,0.4,
353,35.0,1.1,1.2,4.9,1.3,
354,26.0,0.9,0.2,5.2,0.3,
355,71.0,0.4,0.1,17.1,1.4,
356,76.0,0.7,0.1,17.1,1.5,
357,57.0,0.6,0.2,13.3,3.8,
358,22.0,1.0,0.2,4.0,1.4,
359,250.0,1.8,0.2,60.2,2.6,
360,344.0,11.2,1.5,71.5,2.1,
361,28.0,0.8,0.2,5.7,1.0,
362,345.0,5.3,1.7,77.2,1.2,
363,185.0,4.2,0.7,40.5,1.7,
364,301.0,3.7,0.6,70.1,0.8,
365,627.0,14.9,58.8,9.6,9.5,
366,327.0,12.8,29.9,1.8,4.3,
367,627.0,14.9,58.8,9.6,9.5,
368,480.0,9.8,24.6,54.9,6.2,
369,14.0,1.7,0.3,1.1,1.0,
370,273.0,5.0,0.2,62.8,2.0,
371,70.0,1.2,0.1,16.2,0.4,
372,313.0,4.6,1.0,71.5,2.0,
373,117.0,19.9,4.2,0.0,0.0,
374,48.0,0.9,0.1,10.9,1.3,
375,41.0,0.6,0.1,9.4,0.6,
376,42.0,0.4,0.1,10.0,0.0,
377,44.0,0.6,0.1,10.1,0.0,
378,38.0,0.4,0.1,9.0,1.1,
379,46.0,0.9,0.1,10.5,0.8,
380,39.0,0.7,0.2,8.6,1.0,
381,29.0,0.6,0.2,6.2,1.2,
382,58.0,0.3,0.0,14.3,0.4,
383,24.0,1.3,0.1,4.6,0.9,
384,41.0,0.9,0.2,9.0,0.8,
385,26.0,0.7,0.1,5.6,1.0,
386,40.0,0.7,0.2,8.8,1.3,
387,54.0,0.5,0.1,12.8,1.2,
388,429.0,0.1,37.6,22.5,28.9,
389,481.0,7.1,21.8,64.0,1.1,
390,273.0,0.4,0.2,67.5,0.5,
391,49.0,1.7,0.4,9.7,4.1,
392,239.0,21.1,6.1,24.9,29.3,
393,43.0,0.8,0.1,9.7,0.5,
394,41.0,0.8,0.3,8.7,1.3,
395,40.0,0.7,0.1,9.1,0.7,
396,38.0,1.1,0.2,7.9,0.9,
397,57.0,1.2,0.2,12.5,0.1,
398,45.0,1.0,0.2,9.9,0.4,
399,43.0,0.6,0.2,9.7,0.69,
400,42.0,0.8,0.4,8.9,1.4,
401,391.0,0.2,0.0,97.5,0.0,
402,364.0,0.6,0.4,89.4,3.5,
403,113.0,18.9,5.0,0.0,0.0,
404,32.0,0.4,0.1,7.3,2.0,
405,35.0,0.5,1.3,5.3,4.9,
406,54.0,0.2,0.5,12.3,1.4,
407,37.0,0.4,0.2,8.5,4.3,
408,47.0,0.3,0.0,11.4,4.5,
409,46.0,0.4,0.2,10.7,2.2,
410,28.0,0.1,0.1,6.7,6.7,
411,43.0,0.2,0.2,10.0,3.6,
412,53.0,0.3,0.2,12.4,0.9,
413,28.0,0.4,0.1,6.3,1.9,
414,48.0,0.2,0.2,11.4,4.2,
415,33.0,0.5,0.2,7.4,1.4,
416,47.0,0.3,0.1,11.3,2.0,
417,30.0,2.0,0.0,7.3,3.2,
418,48.0,0.6,0.3,10.6,2.5,
419,48.0,0.2,0.1,11.6,2.3,
420,49.0,0.3,0.2,11.5,2.6,
421,14.0,0.4,0.2,2.6,9.5,
422,43.0,0.3,0.1,10.2,1.2,
423,26.0,0.1,0.1,6.1,3.7,
424,44.0,0.2,0.1,10.7,3.2,
425,41.0,0.2,0.1,9.8,0.8,
426,46.0,0.3,0.1,10.9,2.7,
427,47.0,0.3,0.1,11.2,1.3,
428,50.0,0.6,0.2,11.4,5.1,
429,43.0,0.2,0.2,10.0,1.1,
430,37.0,0.3,0.1,8.8,1.9,
431,899.0,0.0,99.8,0.1,0.0,
432,321.0,4.9,0.0,75.3,0.0,
433,16.0,1.2,0.1,2.6,1.2,
434,900.0,0.0,100.0,0.0,0.0,
435,278.0,3.5,1.5,62.7,10.6,
436,231.0,4.0,12.1,26.6,4.7,
437,142.0,18.5,7.8,0.0,0.0,
438,73.0,0.3,0.2,17.4,1.8,
439,36.0,4.8,0.4,3.3,4.3,
440,542.0,20.0,44.8,14.7,9.6,
441,594.0,30.5,50.3,4.9,8.2,
442,157.0,9.5,3.7,21.5,10.4,
443,29.0,2.2,0.3,4.4,2.1,
444,46.0,1.1,0.2,9.9,0.3,
445,288.0,11.4,3.9,51.9,7.9,
446,49.0,0.8,0.2,11.1,4.0,
447,390.0,0.2,0.4,96.5,0.0,
448,119.0,0.0,0.1,29.6,0.0,
449,95.0,0.1,0.2,23.2,0.0,
450,235.0,0.8,0.3,57.3,0.0,
451,47.0,0.8,0.2,10.5,0.6,
452,25.0,0.1,0.0,6.1,0.0,
453,135.0,18.3,6.3,1.2,0.0,
454,18.0,0.0,0.0,0.0,0.0,
455,65.0,1.3,3.4,7.4,0.0,
456,107.0,21.1,2.3,0.5,0.0,
457,212.0,17.8,1.3,32.3,32.3,
458,174.0,12.0,6.7,16.3,5.4,
459,12.0,0.6,0.1,2.2,1.2,
460,21.0,2.2,0.2,2.5,1.3,
461,123.0,13.1,5.0,6.5,4.0,
462,395.0,0.2,0.2,98.1,0.1,
463,436.0,0.2,17.4,69.7,0.8,
464,17.0,2.9,0.5,0.3,1.2,
465,38.0,2.8,0.1,6.6,2.7,
466,33.0,1.9,0.2,6.0,1.4,
467,81.0,17.3,0.4,2.0,0.0,
468,90.0,14.4,1.0,5.9,0.0,
469,237.0,0.0,0.0,0.0,0.0,
470,295.0,0.0,0.0,0.0,0.0,
471,77.0,1.8,0.1,17.3,6.1,
472,14.0,1.1,0.1,2.1,0.9,
473,17.0,1.2,0.1,1.6,0.5,
474,439.0,5.7,11.7,77.7,0.4,
475,78.0,1.6,0.0,0.0,0.0,
476,87.0,10.3,0.9,9.3,0.0,
477,238.0,8.1,11.6,25.2,0.0,
478,22.0,1.8,0.5,2.6,0.8,
479,38.0,0.0,0.0,9.5,0.0,
480,20.0,0.0,0.0,5.1,0.0,
481,42.0,0.0,0.0,10.5,0.0,
482,50.0,0.0,0.0,12.5,0.0,
483,362.0,9.9,1.1,78.2,0.0,
484,84.0,18.4,0.6,1.2,0.0,
485,95.0,0.9,2.3,17.7,0.6,
486,44.0,0.9,0.5,8.9,1.7,
487,95.0,0.9,2.3,17.7,0.6,
488,88.0,19.8,1.1,0.0,0.0,
489,84.0,16.4,2.4,0.0,0.0,
490,36.0,6.8,0.6,0.8,0.0,
491,47.0,7.0,1.4,1.7,0.0,
492,181.0,18.6,10.8,2.3,0.0,
493,144.0,15.9,9.0,0.0,0.0,
494,386.0,6.9,17.6,50.1,0.9,
495,612.0,4.0,48.4,40.0,1.9,
496,405.0,25.1,9.8,54.0,0.7,
497,400.0,33.4,14.8,33.3,1.8,
498,38.0,0.3,0.1,9.0,3.4,
499,94.0,2.4,0.9,19.1,0.9,
500,23.0,1.8,0.5,2.7,1.1,
501,299.0,7.6,0.6,65.7,8.6,
502,20.0,1.9,0.6,1.8,1.0,
503,20.0,3.2,0.4,1.0,2.0,
504,244.0,17.0,17.6,4.3,0.6,
505,22.0,2.4,0.3,2.3,1.6,
506,399.0,7.9,22.9,40.4,2.0,
507,15.0,1.4,0.4,1.5,0.6,
508,87.0,10.3,0.9,9.3,0.0,
509,360.0,0.2,0.0,89.8,0.0,
510,71.0,10.0,0.8,6.0,0.0,
511,96.0,17.9,2.0,1.7,0.0,
512,56.0,2.4,0.0,11.5,4.3,
513,311.0,1.1,0.2,76.2,0.1,
514,30.0,1.0,0.2,6.0,1.1,
515,39.0,1.1,0.2,8.1,0.9,
516,22.0,4.2,0.1,1.2,1.5,
517,314.0,5.4,0.1,72.9,0.0,
518,262.0,50.2,4.8,4.5,0.0,
519,24.0,6.0,0.1,0.0,0.0,
520,71.0,16.5,0.2,0.9,0.0,
521,77.0,1.8,0.1,17.3,6.1,
522,14.0,1.1,0.1,2.1,0.9,
523,17.0,1.2,0.1,1.6,0.5,
524,73.0,0.3,0.2,17.4,1.8,
525,53.0,0.5,0.2,12.3,1.3,
526,286.0,0.6,0.2,70.4,2.2,
527,191.0,17.6,12.8,1.3,0.0,
528,195.0,43.7,2.6,0.0,0.0,
529,79.0,16.8,0.6,1.5,0.0,
530,66.0,8.4,2.3,2.9,0.0,
531,74.0,6.0,0.3,11.8,0.0,
532,85.0,13.4,1.8,3.8,0.0,
533,314.0,5.4,0.1,72.9,0.0,
534,108.0,17.1,2.7,3.8,0.0,
535,206.0,17.0,13.7,3.6,0.0,
536,122.0,18.8,5.0,0.5,0.0,
537,122.0,18.8,5.0,0.5,0.0,
538,346.0,1.5,0.0,85.0,0.8,
539,345.0,1.2,0.1,84.9,0.1,
540,341.0,0.5,0.0,84.8,0.5,
541,337.0,1.2,0.5,82.0,1.4,
542,355.0,47.8,9.3,20.1,0.0,
543,80.0,11.4,1.7,4.7,0.0,
544,895.0,0.0,99.9,1.0,0.0,
545,453.0,7.9,16.3,68.7,0.8,
546,30.0,0.4,0.0,0.0,0.0,
547,134.0,0.2,0.3,32.5,0.3,
548,330.0,16.0,27.4,4.9,0.0,
549,529.0,12.4,50.4,6.4,0.0,
550,318.0,16.4,28.0,0.0,0.0,
551,143.0,20.0,5.6,3.1,0.0,
552,91.0,18.9,0.3,3.1,0.0,
553,103.0,22.4,0.2,2.8,0.0,
554,90.0,20.1,1.2,0.0,0.0,
555,22.0,1.0,0.2,4.0,1.4,
556,6.0,1.2,0.1,0.0,0.4,
557,96.0,2.8,8.0,3.3,0.0,
558,280.0,6.1,12.3,36.1,1.2,
559,279.0,20.3,17.3,10.5,0.0,
560,332.0,8.0,8.7,55.4,0.0,
561,255.0,7.5,2.3,51.0,1.9,
562,240.0,22.4,16.7,0.1,0.0,
563,240.0,22.4,16.7,0.1,0.0,
564,121.0,20.4,0.3,9.1,0.2,
565,326.0,11.5,9.9,47.6,2.5,
566,302.0,8.0,2.1,62.7,0.0,
567,190.0,20.9,9.5,5.2,0.0,
568,238.0,9.2,11.0,25.6,2.3,
569,152.0,4.2,2.4,28.5,0.2,
570,544.0,6.9,34.9,50.7,1.8,
571,333.0,7.6,0.7,74.7,9.1,
572,166.0,16.7,11.0,0.1,0.0,
573,26.0,2.1,0.2,3.9,2.0,
574,26.0,2.1,0.2,3.9,2.0,
575,344.0,0.0,0.0,0.0,0.0,
576,122.0,21.2,3.1,2.2,0.0,
577,367.0,15.0,6.7,61.6,5.3,
578,266.0,22.6,20.0,0.0,0.0,
579,260.0,23.6,17.0,3.2,0.0,
580,105.0,20.8,3.2,0.0,0.0,
581,109.0,1.2,0.1,25.8,3.1,
582,54.0,3.0,3.2,3.4,0.0,
583,50.0,4.1,2.5,2.7,0.0,
584,51.0,2.7,2.0,5.6,0.0,
585,112.0,2.7,3.3,17.9,0.0,
586,59.0,2.9,3.2,4.6,0.0,
587,59.0,2.9,3.2,4.6,0.0,
588,60.0,3.1,3.0,5.1,0.0,
589,54.0,3.0,3.2,3.4,0.0,
590,51.0,2.7,2.0,5.6,0.0,
591,478.0,20.1,21.2,51.7,0.0,
592,466.0,19.9,18.9,54.0,0.0,
593,443.0,19.8,15.1,57.0,0.0,
594,484.0,19.9,22.7,49.9,0.0,
595,510.0,14.5,27.1,51.9,0.0,
596,510.0,14.5,27.1,51.9,0.0,
597,66.0,11.0,2.3,0.4,0.0,
598,106.0,15.4,3.5,3.1,0.0,
599,156.0,22.0,8.0,0.0,0.0,
600,144.0,15.9,9.0,0.0,0.0,
601,835.0,0.0,92.0,1.8,0.0,
602,297.0,7.5,25.4,9.5,0.0,
603,106.0,20.2,2.3,1.2,0.0,
604,100.0,18.4,2.1,1.8,0.0,
605,95.0,15.7,2.4,2.7,0.0,
606,93.0,18.0,1.8,1.1,0.0,
607,98.0,19.8,2.0,0.1,0.0,
608,106.0,20.2,2.3,1.2,0.0,
609,190.0,18.1,13.4,0.0,0.0,
610,190.0,18.1,13.4,0.0,0.0,
611,123.0,18.6,5.4,0.0,0.0,
612,106.0,20.2,2.3,1.2,0.0,
613,550.0,45.6,40.0,1.9,0.0,
614,445.0,8.2,15.7,67.7,0.0,
615,72.0,14.5,1.6,0.0,0.0,
616,139.0,19.8,3.9,6.2,0.0,
617,94.0,16.5,2.5,1.5,0.0,
618,94.0,15.6,2.4,2.6,0.0,
619,149.0,12.5,11.0,0.1,0.0,
620,196.0,17.0,13.3,2.0,0.0,
621,52.0,12.6,0.0,0.5,0.0,
622,151.0,38.4,0.5,0.0,0.0,
623,147.0,35.2,0.6,0.1,0.0,
624,73.0,5.3,2.1,8.2,0.0,
625,339.0,0.0,0.0,0.0,0.0,
626,77.0,0.3,0.0,0.0,0.0,
627,364.0,0.0,0.0,0.0,0.0,
628,435.0,8.6,14.7,67.1,1.0,
629,100.0,16.7,2.3,3.0,0.0,
630,116.0,16.8,4.6,1.8,0.0,
631,22.0,1.3,0.1,4.1,2.4,
632,56.0,0.8,0.6,11.9,2.6,
633,390.0,0.4,0.0,97.1,0.0,
634,264.0,18.3,20.4,1.7,0.0,
635,191.0,6.9,18.7,0.0,0.0,
636,499.0,11.8,44.6,12.7,0.0,
637,349.0,7.7,35.3,0.0,0.0,
638,278.0,16.7,23.1,0.7,0.0,
639,65.0,10.0,2.0,1.7,0.0,
640,119.0,16.6,5.3,1.1,0.0,
641,339.0,13.6,30.6,2.2,0.0,
642,827.0,0.0,88.7,7.2,0.0,
643,897.0,0.0,99.6,0.2,0.0,
644,190.0,22.5,11.1,0.0,0.0,
645,143.0,20.3,6.2,1.5,0.0,
646,117.0,16.2,5.0,1.9,0.0,
647,338.0,15.1,31.5,0.0,0.0,
648,331.0,14.6,30.8,0.0,0.0,
649,320.0,17.0,28.0,0.0,0.0,
650,349.0,7.7,35.3,0.0,0.0,
651,339.0,13.6,30.6,2.2,0.0,
652,228.0,18.4,13.8,0.0,0.0,
653,143.0,20.3,6.2,1.5,0.0,
654,568.0,9.3,59.0,0.0,0.0,
655,816.0,2.4,90.4,0.0,0.0,
656,395.0,13.2,37.0,2.4,0.0,
657,155.0,20.2,7.9,0.7,0.0,
658,576.0,8.0,60.5,0.0,0.0,
659,190.0,17.9,12.8,0.8,0.0,
660,396.0,23.4,11.5,49.7,0.0,
661,229.0,38.6,8.3,21.6,0.0,
662,493.0,25.1,26.0,39.7,0.0,
663,451.0,35.8,20.5,30.9,0.0,
664,143.0,20.3,6.2,1.5,0.0,
665,248.0,16.5,16.0,9.4,0.0,
666,314.0,21.3,24.5,2.1,0.0,
667,110.0,15.2,5.1,0.7,0.0,
668,129.0,19.3,3.5,5.0,0.0,
669,203.0,26.4,8.3,5.6,0.0,
670,84.0,12.2,3.9,0.1,0.0,
671,96.0,15.4,3.2,1.4,0.0,
672,336.0,44.2,6.4,25.3,0.0,
673,131.0,10.8,9.8,0.0,0.0,
674,94.0,13.2,3.2,3.1,0.0,
675,96.0,15.4,3.2,1.4,0.0,
676,233.0,15.7,18.1,1.7,0.0,
677,55.0,12.2,0.3,0.9,0.0,
678,266.0,22.6,20.0,0.0,0.0,
679,260.0,23.6,17.0,3.2,0.0,
680,156.0,35.3,1.4,0.5,0.0,
681,266.0,22.6,20.0,0.0,0.0,
682,576.0,8.0,60.5,0.0,0.0,
683,13.0,2.0,0.2,0.7,4.2,
684,114.0,17.5,4.3,1.2,0.0,
685,43.0,2.6,0.4,7.3,11.3,
686,336.0,8.8,3.8,66.7,8.0,
687,106.0,4.0,1.2,19.9,2.9,
688,335.0,8.7,3.8,66.6,6.4,
689,895.0,0.0,99.2,0.5,0.0,
690,4.0,1.1,0.2,0.0,4.9,
691,390.0,7.2,3.7,81.9,0.4,
692,347.0,7.9,3.0,72.0,3.6,
693,340.0,8.0,4.5,66.9,6.2,
694,340.0,8.1,3.3,69.6,5.6,
695,17.0,2.6,0.2,1.1,1.3,
696,91.0,0.1,0.0,0.0,0.0,
697,212.0,18.3,0.7,33.0,23.3,
698,215.0,6.7,17.3,8.1,0.0,
699,71.0,10.0,0.8,6.0,0.0,
700,29.0,2.3,0.0,5.0,3.6,
701,81.0,11.6,1.7,4.8,0.0,
702,311.0,1.1,0.2,76.2,0.1,
703,15.0,1.7,0.2,1.6,1.6,
704,408.0,1.3,2.4,95.2,0.0,
705,408.0,1.3,2.4,95.2,0.0,
706,289.0,19.7,21.5,4.2,0.0,
707,312.0,0.0,0.0,0.0,0.0,
708,203.0,4.9,4.2,36.3,38.7,
709,22.0,1.5,0.2,3.6,1.0,
710,64.0,0.4,0.1,15.4,0.6,
711,109.0,1.2,0.1,25.8,3.1,
712,104.0,1.4,0.2,24.2,1.0,
713,340.0,4.7,0.8,78.5,2.0,
714,336.0,2.7,0.2,80.8,0.1,
715,37.0,2.2,0.3,6.3,1.9,
716,307.0,7.6,0.4,68.3,8.3,
717,26.0,0.4,0.1,5.8,0.4,
718,75.0,1.0,0.1,17.6,5.9,
719,99.0,2.8,0.2,21.6,1.2,
720,97.0,0.5,0.5,22.6,0.4,
721,136.0,5.5,0.6,27.1,1.4,
722,18.0,0.6,0.2,3.5,0.4,
723,13.0,1.3,0.3,1.3,0.7,
724,57.0,10.9,1.5,0.0,0.0,
725,85.0,19.5,1.2,0.0,0.0,
726,93.0,20.5,1.2,0.0,0.0,
727,79.0,11.8,1.4,4.7,0.0,
728,118.0,17.8,4.3,2.1,0.0,
729,19.0,0.9,0.2,3.5,0.5,
730,41.0,1.1,0.4,8.3,5.9,
731,22.0,0.7,0.1,4.5,0.8,
732,41.0,1.1,0.4,8.3,5.9,
733,19.0,0.9,0.2,3.5,0.5,
734,21.0,2.0,0.6,1.8,0.8,
735,81.0,4.9,0.2,14.8,2.1,
736,21.0,0.6,0.1,4.5,0.8,
737,94.0,4.6,0.2,18.5,1.4,
738,150.0,19.1,8.2,0.0,0.0,
739,127.0,17.7,4.9,3.1,0.0,
740,110.0,22.2,3.2,0.0,0.0,
741,200.0,10.0,1.4,36.9,30.4,
742,355.0,13.2,1.3,72.6,0.0,
743,355.0,13.2,1.3,72.6,0.0,
744,193.0,22.4,11.0,1.2,0.0,
745,18.0,0.6,0.2,3.5,0.4,
746,574.0,36.0,46.1,3.8,4.1,
747,118.0,18.9,4.8,0.0,0.0,
748,400.0,0.0,0.0,99.9,0.0,
749,150.0,19.1,8.2,0.0,0.0,
750,81.0,17.3,0.4,2.0,0.0,
751,396.0,0.1,0.0,98.9,0.0,
752,742.0,0.0,82.7,0.0,0.0,
753,324.0,8.9,1.5,68.8,5.3,
754,15.0,1.5,0.3,1.6,1.1,
755,286.0,6.2,0.8,63.51,9.4,
756,58.0,0.0,0.0,0.0,0.0,
757,65.0,0.0,0.0,0.0,0.0,
758,80.0,0.0,0.0,0.0,0.0,
759,340.0,4.7,0.8,78.5,2.0,
760,242.0,38.7,3.3,14.4,17.2,
761,24.0,0.4,0.0,5.7,0.5,
762,90.0,18.5,0.4,3.0,0.0,
763,102.0,17.8,3.6,0.0,0.0,
764,112.0,16.6,5.2,0.0,0.0,
765,162.0,3.2,0.1,37.1,1.7,
766,342.0,6.7,0.5,77.8,1.7,
767,343.0,8.1,0.1,77.4,1.7,
768,260.0,24.5,16.0,4.5,1.0,
769,171.0,14.2,10.7,4.5,0.0,
770,0.0,0.0,0.0,0.0,0.0,
771,399.0,0.0,0.0,0.0,0.0,
772,312.0,16.6,26.1,2.8,0.0,
773,320.0,18.6,1.1,59.0,6.6,
774,52.0,10.6,0.4,1.4,0.0,
775,110.0,22.2,3.2,0.0,0.0,
776,85.0,19.5,1.2,0.0,0.0,
777,63.0,1.6,0.2,13.7,4.7,
778,64.0,1.3,0.1,14.5,4.9,
779,61.0,1.2,0.2,13.6,4.9,
780,314.0,5.4,0.1,72.9,0.0,
781,208.0,8.1,1.5,40.4,28.6,
782,339.0,13.6,30.6,2.2,0.0,
783,463.0,8.4,20.1,62.2,1.3,
784,332.0,4.8,4.8,67.4,0.4,
785,239.0,0.0,0.0,0.0,0.0,
786,68.0,0.8,0.6,14.9,0.0,
787,465.0,6.2,21.4,62.0,2.2,
788,70.0,0.9,0.2,16.1,0.5,
789,37.0,2.0,0.1,7.1,3.9,
790,35.0,0.4,0.0,0.0,0.0,
791,257.0,4.1,13.1,30.7,1.8,
792,346.0,7.4,0.8,77.2,0.7,
793,351.0,8.8,1.0,76.8,0.4,
794,345.0,9.5,1.0,74.6,0.5,
795,346.0,9.1,0.6,76.0,0.7,
796,345.0,7.9,0.7,76.8,0.5,
797,343.0,8.6,0.8,75.3,0.4,
798,342.0,8.1,0.3,76.7,0.2,
799,343.0,7.7,0.6,76.8,0.6,
800,345.0,7.2,0.8,77.2,0.4,
801,348.0,8.0,0.6,77.7,0.0,
802,346.0,7.5,0.7,77.4,0.7,
803,347.0,7.9,0.6,77.5,0.8,
804,334.0,7.3,0.4,75.3,0.4,
805,346.0,12.7,0.9,71.8,0.6,
806,359.0,9.9,2.2,74.8,1.4,
807,451.0,6.8,15.2,71.8,0.2,
808,20.0,2.2,0.3,2.2,1.4,
809,52.0,10.6,0.4,1.4,0.0,
810,19.0,2.6,0.2,1.8,1.8,
811,20.0,2.4,0.1,2.3,2.8,
812,196.0,26.0,4.6,13.9,43.2,
813,19.0,0.7,0.6,2.8,0.9,
814,213.0,17.6,2.4,30.3,27.2,
815,12.0,0.5,0.0,2.4,0.7,
816,355.0,7.4,0.1,81.2,0.3,
817,346.0,8.0,0.1,78.2,0.1,
818,46.0,1.1,0.3,9.8,0.1,
819,899.0,0.0,99.9,0.0,0.0,
820,384.0,3.1,3.3,85.5,0.3,
821,114.0,2.5,0.2,25.6,0.4,
822,117.0,2.6,0.3,26.0,0.2,
823,4.0,0.2,0.3,0.1,0.5,
824,335.0,0.8,0.2,82.6,1.1,
825,337.0,0.5,0.1,83.6,0.6,
826,64.0,0.2,0.3,15.0,0.0,
827,238.0,0.0,0.0,0.0,0.0,
828,350.0,10.3,1.1,74.6,0.6,
829,367.0,4.8,11.0,62.3,0.9,
830,20.0,1.9,0.3,2.3,2.32,
831,348.0,10.6,0.6,75.1,0.0,
832,374.0,8.1,2.6,79.5,1.0,
833,348.0,7.3,1.0,77.5,0.8,
834,352.0,7.9,1.1,77.5,0.5,
835,343.0,7.9,0.8,76.0,0.7,
836,344.0,7.1,0.0,79.0,1.2,
837,36.0,0.0,0.0,0.0,0.0,
838,173.0,14.0,10.2,6.3,2.0,
839,153.0,18.1,3.6,12.0,1.0,
840,211.0,19.1,13.2,3.9,0.9,
841,576.0,27.6,44.4,16.6,2.7,
842,192.0,16.5,12.5,3.3,0.9,
843,186.0,11.2,13.7,4.5,5.6,
844,207.0,26.7,1.1,22.5,21.6,
845,311.0,1.1,0.2,76.2,0.1,
846,228.0,2.6,13.7,23.6,0.0,
847,100.0,18.6,2.9,0.0,0.0,
848,77.0,16.0,1.4,0.0,0.0,
849,105.0,18.0,2.8,1.9,0.0,
850,309.0,20.2,0.6,55.7,7.7,
851,95.0,0.5,0.6,22.0,3.1,
852,152.0,4.3,2.2,28.7,49.7,
853,157.0,0.0,0.2,38.7,0.0,
854,240.0,22.4,16.7,0.1,0.0,
855,19.0,1.1,0.2,3.2,1.0,
856,26.0,1.2,0.1,5.2,1.2,
857,46.0,2.4,0.1,8.9,1.3,
858,389.0,0.7,0.0,96.6,0.0,
859,73.0,1.7,0.4,15.7,0.0,
860,220.0,4.6,4.9,39.4,23.9,
861,31.0,2.8,0.4,4.1,1.8,
862,29.0,2.9,0.0,4.3,0.9,
863,68.0,0.1,0.0,0.0,0.0,
864,96.0,0.1,0.0,0.0,0.0,
865,99.0,1.1,0.2,23.1,1.6,
866,240.0,4.8,3.6,47.2,7.9,
867,99.0,18.6,2.6,0.2,0.0,
868,23.0,2.7,0.2,2.7,1.6,
869,45.0,0.0,0.1,11.0,0.0,
870,396.0,0.1,0.0,98.9,0.0,
871,25.0,2.8,0.3,2.8,2.2,
872,33.0,4.1,0.6,2.7,1.6,
873,316.0,21.6,0.8,55.6,6.4,
874,349.0,12.8,1.0,72.2,1.2,
875,18.0,2.1,0.1,2.1,0.8,
876,330.0,20.8,0.7,60.0,5.8,
877,122.0,15.2,1.2,12.7,0.0,
878,169.0,13.4,0.8,27.0,38.6,
879,98.0,18.4,1.5,2.8,0.0,
880,77.0,16.0,1.0,1.0,0.0,
881,59.0,1.5,3.5,5.4,0.0,
882,498.0,18.8,25.2,49.0,0.0,
883,70.0,13.4,2.4,0.0,0.0,
884,113.0,13.8,5.5,2.0,0.0,
885,86.0,17.0,1.9,0.2,0.0,
886,56.0,0.8,0.6,11.9,2.6,
887,824.0,0.0,88.0,8.0,0.0,
888,895.0,0.0,99.0,0.9,0.0,
889,260.0,11.6,19.5,9.4,0.0,
890,293.0,8.7,24.5,9.4,0.0,
891,285.0,12.6,24.4,3.8,0.0,
892,111.0,19.7,3.6,0.0,0.0,
893,102.0,15.5,4.0,0.9,0.0,
894,215.0,23.2,13.8,0.0,0.0,
895,118.0,20.5,3.9,0.2,0.0,
896,198.0,19.0,14.1,0.0,0.0,
897,198.0,19.0,14.1,0.0,0.0,
898,109.0,17.2,4.5,0.0,0.0,
899,94.0,17.1,2.0,2.0,0.0,
900,99.0,21.3,1.1,1.0,0.0,
901,109.0,20.9,2.8,0.0,0.0,
902,234.0,26.4,11.6,6.0,0.0,
903,217.0,18.3,11.5,10.0,0.0,
904,217.0,18.3,11.5,10.0,0.0,
905,588.0,28.2,46.7,13.7,0.0,
906,87.0,12.2,3.4,1.8,0.0,
907,295.0,26.9,7.1,30.8,12.9,
908,134.0,17.9,3.6,7.4,0.0,
909,143.0,23.2,5.0,1.2,0.0,
910,96.0,16.2,2.4,2.5,0.0,
911,90.0,16.7,2.5,0.1,0.0,
912,166.0,15.9,11.3,0.1,0.0,
913,142.0,11.3,10.7,0.1,0.0,
914,109.0,20.9,2.8,0.0,0.0,
915,225.0,19.4,14.2,4.8,0.0,
916,57.0,6.8,0.2,6.9,0.0,
917,37.0,2.0,0.1,7.1,3.9,
918,177.0,38.8,2.4,0.0,0.0,
919,152.0,2.7,3.5,27.3,0.9,
920,368.0,7.5,3.6,76.3,0.4,
921,31.0,0.0,0.0,0.0,0.0,
922,105.0,18.0,2.8,1.9,0.0,
923,81.0,18.5,0.5,0.6,0.0,
924,136.0,21.0,4.6,2.6,0.0,
925,131.0,17.2,6.9,0.0,0.0,
926,231.0,51.7,2.7,0.0,39.6,
927,465.0,8.1,35.2,28.9,14.4,
928,435.0,6.2,16.0,66.5,1.4,
929,290.0,13.1,19.6,15.3,0.0,
930,261.0,2.9,16.6,24.9,0.0,
931,260.0,10.2,15.3,20.3,0.0,
932,272.0,12.0,22.9,4.6,0.0,
933,267.0,12.9,20.1,8.6,0.0,
934,295.0,11.3,26.3,3.2,0.0,
935,280.0,11.8,23.2,6.0,0.0,
936,433.0,18.0,37.3,6.4,0.0,
937,402.0,12.3,26.5,28.5,0.0,
938,212.0,14.0,10.4,15.6,0.0,
939,290.0,7.9,28.1,1.3,0.0,
940,260.0,10.2,15.3,20.3,0.0,
941,260.0,10.2,15.3,20.3,0.0,
942,260.0,10.2,15.3,20.3,0.0,
943,584.0,22.0,48.3,15.3,0.0,
944,329.0,9.0,29.6,6.7,0.0,
945,584.0,22.0,48.3,15.3,0.0,
946,297.0,7.5,25.4,9.5,0.0,
947,278.0,12.5,22.8,5.8,0.0,
948,283.0,12.4,23.3,5.9,0.0,
949,508.0,24.1,40.7,11.2,0.0,
950,100.0,15.3,2.2,4.7,0.0,
951,102.0,17.8,3.6,0.0,0.0,
952,581.0,24.1,44.4,21.2,4.3,
953,146.0,15.4,8.0,3.1,0.0,
954,102.0,17.3,3.7,0.0,0.0,
955,627.0,14.9,58.8,9.6,9.5,
956,357.0,9.6,2.2,74.6,2.3,
957,130.0,0.1,0.2,32.0,0.5,
958,37.0,1.0,0.2,7.7,1.1,
959,320.0,4.2,1.9,71.5,6.4,
960,43.0,1.4,0.2,8.9,1.3,
961,390.0,19.1,30.7,9.3,30.2,
962,450.0,0.0,100.0,0.0,0.0,
963,368.0,0.1,0.0,91.9,0.0,
964,20.0,0.8,0.0,4.1,1.4,
965,360.0,23.4,3.8,58.1,1.5,
966,343.0,5.2,0.6,79.2,3.3,
967,57.0,3.3,0.4,10.0,0.0,
968,246.0,26.1,10.6,11.5,0.0,
969,181.0,22.3,9.0,2.6,0.0,
970,587.0,13.2,48.9,23.6,0.0,
971,498.0,11.8,18.8,2.9,0.0,
972,25.0,2.4,0.2,3.3,2.1,
973,138.0,9.9,8.1,6.4,0.0,
974,204.0,7.3,11.3,18.2,1.0,
975,133.0,10.9,8.2,3.9,0.9,
976,158.0,11.7,7.4,11.2,0.0,
977,151.0,12.0,8.1,7.6,0.6,
978,130.0,11.6,7.9,3.1,0.8,
979,459.0,44.6,21.7,21.3,1.0,
980,489.0,56.6,26.3,6.5,0.0,
981,109.0,17.2,4.5,0.0,0.0,
982,99.0,10.2,4.6,4.1,0.4,
983,130.0,11.6,7.9,3.1,0.8,
984,83.0,17.7,1.4,0.1,0.0,
985,83.0,17.7,1.4,0.1,0.0,
986,898.0,0.0,99.8,0.0,0.0,
987,190.0,4.3,0.0,43.1,0.29,
988,21.0,1.9,0.3,2.7,1.2,
989,12.0,0.6,0.1,2.2,1.2,
990,79.0,2.2,0.2,17.1,1.0,
991,32.0,0.6,0.2,7.0,1.3,
992,517.0,18.4,39.6,21.7,9.8,
993,531.0,19.1,46.1,10.0,14.0,
994,538.0,4.8,35.6,49.7,4.7,
995,898.0,0.0,99.7,0.2,0.0,
996,618.0,19.2,52.7,16.8,5.9,
997,351.0,8.3,0.3,78.7,0.9,
998,346.0,1.5,0.0,85.0,0.8,
999,476.0,23.6,29.9,28.1,7.2,
1000,14.0,1.8,0.4,0.8,1.2,
1001,24.0,2.5,0.4,2.6,1.0,
1002,25.0,1.2,0.1,4.9,0.0,
1003,38.0,2.8,0.1,6.6,2.7,
1004,26.0,2.1,0.2,3.9,2.0,
1005,19.0,2.8,0.4,1.0,1.6,
1006,18.0,1.4,0.1,3.0,1.9,
1007,31.0,1.8,0.4,5.0,1.2,
1008,293.0,7.4,1.3,63.0,8.2,
1009,109.0,1.2,0.1,25.8,3.1,
1010,217.0,6.4,1.0,45.6,0.0,
1011,258.0,6.7,8.9,37.8,28.7,
1012,589.0,21.9,48.0,17.3,6.3,
1013,298.0,12.1,25.4,5.2,7.7,
1014,581.0,24.1,44.4,21.2,4.3,
1015,563.0,25.0,44.3,16.0,5.5,
1016,899.0,0.0,99.9,0.0,0.0,
1017,594.0,6.9,53.0,22.3,3.0,
1018,83.0,17.7,1.4,0.1,0.0,
1019,315.0,17.2,1.4,58.4,7.4,
1020,317.0,19.1,1.3,57.2,5.5,
1021,100.0,15.3,2.2,4.7,0.0,
1022,25.0,0.8,0.1,5.3,2.1,
1023,306.0,22.4,0.6,52.8,10.5,
1024,296.0,23.4,1.4,47.4,9.8,
1025,314.0,21.4,1.3,54.2,8.3,
1026,334.0,22.5,0.9,59.0,3.5,
1027,31.0,2.6,0.6,3.7,2.2,
1028,13.0,1.4,0.2,1.3,0.9,
1029,20.0,1.2,0.2,3.3,1.2,
1030,148.0,19.0,0.4,17.2,9.1,
1031,60.0,3.9,1.0,8.8,2.1,
1032,30.0,1.3,0.2,5.7,1.3,
1033,39.0,5.5,0.0,4.2,1.5,
1034,19.0,1.0,0.1,3.5,1.4,
1035,38.0,2.5,0.9,5.0,1.8,
1036,304.0,9.7,2.7,60.2,5.8,
1037,35.0,2.8,0.6,4.6,5.4,
1038,212.0,4.6,2.4,42.9,29.4,
1039,52.0,0.2,0.2,12.3,1.2,
1040,45.0,0.5,0.1,10.6,1.2,
1041,50.0,0.2,0.2,11.9,1.7,
1042,44.0,0.6,0.2,9.9,4.9,
1043,54.0,0.3,0.3,12.5,0.8,
1044,30.0,0.4,0.2,6.7,1.7,
1045,46.0,0.4,0.1,11.0,1.5,
1046,35.0,0.2,0.2,8.2,3.7,
1047,59.0,0.2,0.4,13.7,0.6,
1048,57.0,0.4,0.1,13.5,0.8,
1049,43.0,0.2,0.2,10.0,4.7,
1050,45.0,0.7,0.4,9.6,2.1,
1051,49.0,0.4,0.2,11.4,0.9,
1052,50.0,0.2,0.1,12.2,1.1,
1053,49.0,0.0,0.1,11.8,1.3,
1054,59.0,0.5,0.1,14.0,1.7,
1055,55.0,0.2,0.3,12.9,1.8,
1056,49.0,0.3,0.2,11.5,2.2,
1057,39.0,0.2,0.2,9.0,1.3,
1058,336.0,0.6,0.1,83.3,1.6,
1059,277.0,0.4,0.1,68.7,0.3,
1060,21.0,1.1,0.2,3.6,1.3,
1061,25.0,1.0,0.6,4.0,1.2,
1062,5.0,1.3,0.2,0.0,2.8,
1063,23.0,1.2,0.2,4.0,1.9,
1064,25.0,1.7,0.2,4.2,2.0,
1065,16.0,1.2,0.5,1.7,80.9,
1066,332.0,4.4,0.4,77.8,6.5,
1067,251.0,14.5,11.8,21.6,33.9,
1068,251.0,14.5,11.8,21.7,33.9,
1069,24.0,2.5,0.4,2.6,1.6,
1070,286.0,25.8,1.9,41.4,17.7,
1071,305.0,28.7,1.7,43.7,14.6,
1072,309.0,33.3,2.7,37.8,11.1,
1073,320.0,10.5,2.9,63.0,11.2,
1074,206.0,14.5,4.0,27.9,38.8,
1075,294.0,26.7,1.1,44.4,14.8,
1076,296.0,34.2,2.3,34.7,15.6,
1077,281.0,27.1,1.2,40.4,17.7,
1078,304.0,22.8,1.3,50.3,14.7,
1079,0.0,0.1,0.0,0.0,0.0,
1080,92.0,1.5,0.1,21.4,0.1,
1081,899.0,0.0,99.9,0.0,0.0,
1082,21.0,1.9,0.3,2.7,1.2,
1083,112.0,16.6,5.2,0.0,0.0,
1084,30.0,1.0,0.2,6.0,1.1,
1085,269.0,0.8,0.2,66.1,0.2,
1086,23.0,2.7,0.2,2.7,1.6,
1087,112.0,16.6,5.2,0.0,0.0,
1088,200.0,24.4,2.8,19.3,31.6,
1089,112.0,16.6,5.2,0.0,0.0,
1090,70.0,0.9,0.2,16.1,0.5,
1091,11.0,0.7,0.2,1.5,1.2,
1092,324.0,9.3,2.3,66.5,6.5,
1093,27.0,2.5,0.3,3.5,1.4,
1094,59.0,1.2,0.2,13.1,1.1,
1095,385.0,12.2,7.2,67.8,0.0,
1096,20.0,0.9,0.1,4.0,1.0,
1097,352.0,18.8,30.0,1.6,35.6,
1098,344.0,17.2,2.0,64.2,3.0,
1099,201.0,2.8,0.5,46.2,0.7,
1100,70.0,1.9,0.2,15.2,1.2,
1101,23.0,2.3,0.2,3.1,1.0,
1102,14.0,1.0,0.1,2.2,0.6,
1103,18.0,1.4,0.2,2.6,1.0,
1104,20.0,1.4,0.1,3.3,0.5,
1105,242.0,6.0,3.3,47.1,15.9,
1106,899.0,0.0,99.9,0.0,0.0,
1107,141.0,13.3,0.8,20.1,27.4,
1108,25.0,2.8,0.5,2.3,1.7,
1109,18.0,0.6,0.2,3.5,0.4,
1110,18.0,0.6,0.2,3.5,0.4,
1111,899.0,0.0,99.9,0.0,0.0,
1112,16.0,1.2,0.1,2.6,1.2,
1113,24.0,2.1,0.2,3.4,1.2,
1114,286.0,6.5,0.6,63.6,13.2,
1115,28.0,2.0,0.4,4.2,1.5,
1116,24.0,2.6,0.3,1.8,1.7,
1117,41.0,0.5,0.1,9.5,1.3,
1118,160.0,4.9,0.3,34.4,2.3,
1119,103.0,0.2,0.3,24.9,0.8,
1120,392.0,10.4,2.1,82.8,0.1,
1121,27.0,2.9,0.4,3.0,1.7,
1122,20.0,0.8,0.1,4.0,0.6,
1123,21.0,0.8,0.2,4.1,0.8,
1124,20.0,0.8,0.0,4.1,1.4,
1125,20.0,0.9,0.1,4.0,1.0,
1126,39.0,1.2,0.0,8.4,1.4,
1127,30.0,3.5,0.4,3.2,1.3,
1128,31.0,1.3,0.2,6.0,0.8,
1129,60.0,3.3,0.2,11.2,3.4,
1130,37.0,1.4,0.5,6.7,1.8,
1131,20.0,1.6,0.3,2.7,1.4,
1132,14.0,2.6,0.3,0.3,1.4,
1133,32.0,3.1,0.1,4.7,2.9,
1134,364.0,7.5,1.9,79.3,0.0,
1135,298.0,12.1,25.4,5.2,7.7,
1136,43.0,0.5,0.2,9.9,0.4,
1137,50.0,0.4,0.2,11.6,0.4,
1138,50.0,0.4,0.4,11.1,1.0,
1139,43.0,0.7,0.3,9.3,1.0,
1140,37.0,0.4,0.2,8.5,2.2,
1141,40.0,0.5,0.4,8.7,0.4,
1142,341.0,2.5,0.4,81.8,1.6,
1143,27.0,0.7,0.1,5.9,0.9,
1144,14.0,0.7,0.1,2.7,0.8,
1145,219.0,4.3,1.8,46.5,18.1,
1146,330.0,5.5,0.4,76.2,5.7,
1147,324.0,6.9,0.4,73.1,7.5,
1148,303.0,6.3,0.4,68.6,11.4,
1149,616.0,22.6,52.8,12.5,4.8,
1150,597.0,23.9,49.9,13.0,6.1,
1151,606.0,19.1,53.4,12.2,4.5,
1152,899.0,0.0,99.9,0.0,0.0,
1153,25.0,2.4,0.8,2.0,1.8,
1154,30.0,1.0,0.4,5.7,2.0,
1155,114.0,2.1,0.2,25.9,1.7,
1156,104.0,4.4,0.1,21.3,2.6,
1157,37.0,2.1,0.4,6.2,1.8,
1158,21.0,2.5,0.2,2.4,1.4,
1159,135.0,12.1,5.7,8.9,0.0,
1160,14.0,0.7,0.1,2.7,0.8,
1161,251.0,6.6,0.9,54.2,25.5,
1162,22.0,2.5,0.3,2.2,2.2,
1163,20.0,2.2,0.3,2.2,1.4,
1164,208.0,6.8,3.9,36.5,31.1,
1165,372.0,0.2,0.0,92.9,0.1,
1166,344.0,0.4,0.1,85.3,0.0,
1167,189.0,10.5,5.0,25.5,37.6,
1168,252.0,21.0,4.6,31.7,21.0,
1169,121.0,5.4,0.2,24.3,0.7,
1170,20.0,2.7,0.1,2.0,2.1,
1171,153.0,30.7,2.2,2.5,0.0,
1172,153.0,30.7,2.2,2.5,0.0,
1173,153.0,30.7,2.2,2.5,0.0,
1174,195.0,43.7,2.6,0.0,0.0,
1175,100.0,15.2,4.3,0.0,0.0,
1176,81.0,11.6,1.7,4.8,0.0,
1177,71.0,15.0,0.9,0.8,0.0,
1178,230.0,21.5,13.0,6.7,0.0,
1179,104.0,8.8,0.4,16.4,3.1,
1180,372.0,27.0,2.0,61.6,2.2,
1181,446.0,26.7,20.0,39.9,0.5,
1182,47.0,7.0,1.4,1.7,0.0,
1183,47.0,7.0,1.4,1.7,0.0,
1184,71.0,12.2,1.4,2.3,0.0,
1185,91.0,15.7,1.7,3.3,0.0,
1186,81.0,20.1,0.1,0.0,0.0,
1187,81.0,19.7,0.2,0.0,0.0,
1188,97.0,17.2,0.4,4.0,0.0,
1189,15.0,1.5,0.1,1.7,2.0,
1190,15.0,1.5,0.1,1.7,2.0,
1191,88.0,19.8,1.1,0.0,0.0,
1192,122.0,20.8,4.2,0.4,0.0,
1193,347.0,8.6,5.1,66.7,0.4,
1194,378.0,7.2,13.9,55.9,0.6,
1195,383.0,13.0,9.6,61.2,0.6,
1196,320.0,9.5,6.0,56.9,0.2,
1197,339.0,6.5,2.4,72.9,0.0,
1198,452.0,9.0,17.4,64.9,1.8,
1199,644.0,31.6,55.1,5.3,0.0,
1200,386.0,11.7,3.9,76.1,0.8,
1201,40.0,7.3,0.3,2.1,0.0,
1202,340.0,46.5,4.9,27.4,0.0,
1203,340.0,46.5,4.9,27.4,0.0,
1204,31.0,5.8,0.4,1.1,0.0,
1205,53.0,7.5,2.2,0.8,0.0,
1206,97.0,15.0,1.0,7.1,0.0,
1207,56.0,8.9,1.9,0.8,0.0,
1208,89.0,15.6,0.7,5.0,0.0,
1209,45.0,7.7,0.6,2.2,0.0,
1210,34.0,0.5,0.1,7.7,0.2,
1211,321.0,0.4,1.9,75.6,0.0,
1212,84.0,0.0,0.0,0.0,0.0,
1213,367.0,4.8,11.0,62.3,0.9,
1214,177.0,26.2,4.7,7.5,0.0,
1215,93.0,14.8,3.8,0.0,0.0,
1216,82.0,20.2,0.9,0.0,0.0,
1217,106.0,19.8,1.0,4.5,0.0,
1218,60.0,11.0,0.2,3.6,0.0,
1219,91.0,12.8,0.7,8.2,0.0,
1220,119.0,20.2,0.9,7.6,0.0,
1221,163.0,22.7,3.5,10.1,0.0,
1222,59.0,7.5,0.6,6.0,0.0,
1223,95.0,15.9,3.1,0.9,0.0,
1224,103.0,17.5,2.6,2.3,0.0,
1225,95.0,13.8,2.3,4.7,0.0,
1226,80.0,14.6,1.6,1.7,0.0,
1227,62.0,11.6,1.2,1.1,0.0,
1228,62.0,11.6,1.2,1.1,0.0,
1229,62.0,11.6,1.2,1.1,0.0,
1230,343.0,8.3,1.7,73.7,1.4,
1231,576.0,8.0,60.5,0.0,0.0,
1232,71.0,10.0,0.8,6.0,0.0,
1233,37.0,3.3,2.0,1.4,0.8,
1234,33.0,4.1,0.6,2.7,1.6,
1235,17.0,2.9,0.5,0.3,1.2,
1236,25.0,0.6,0.1,5.5,0.3,
1237,34.0,0.5,0.0,7.9,0.2,
1238,32.0,0.5,0.5,6.4,0.1,
1239,25.0,0.6,0.1,5.5,0.2,
1240,573.0,32.7,44.8,9.7,4.5,
1241,541.0,30.3,46.5,0.2,13.2,
1242,555.0,32.4,45.9,3.2,5.4,
1243,305.0,0.7,0.2,75.5,2.0,
1244,13.0,0.6,0.1,2.4,0.8,
1245,18.0,0.8,0.2,3.2,0.6,
1246,310.0,1.4,0.4,75.2,2.4,
1247,30.0,2.4,1.5,1.8,0.0,
1248,423.0,19.0,8.0,68.7,0.0,
1249,10.0,0.9,0.1,1.3,0.1,
1250,243.0,5.5,1.9,51.0,1.7,
1251,899.0,0.0,99.9,0.0,0.0,
1252,13.0,1.8,0.7,0.0,1.1,
1253,422.0,19.7,9.4,64.6,2.2,
1254,17.0,2.9,0.5,0.3,1.2,
1255,184.0,7.9,5.9,24.8,2.2,
1256,310.0,42.6,2.1,30.2,7.6,
1257,192.0,17.2,12.0,3.7,5.7,
1258,81.0,8.1,3.7,3.8,0.4,
1259,49.0,5.0,1.9,2.9,0.4,
1260,98.0,12.2,4.8,1.5,0.5,
1261,57.0,6.2,2.5,2.4,0.2,
1262,201.0,21.5,10.5,5.1,1.1,
1263,451.0,57.8,22.8,3.6,0.0,
1264,300.0,24.2,17.1,12.3,2.2,
1265,201.0,17.9,11.6,6.2,1.0,
1266,200.0,17.8,13.9,1.0,4.5,
1267,140.0,16.2,3.6,10.7,0.8,
1268,174.0,17.9,9.1,5.0,0.4,
1269,153.0,15.8,6.2,8.5,0.3,
1270,136.0,13.4,7.1,4.7,0.3,
1271,158.0,14.9,9.1,4.0,0.0,
1272,147.0,15.8,7.8,3.3,1.8,
1273,35.0,3.2,0.8,3.7,2.6,
1274,409.0,44.6,17.4,18.6,0.2,
1275,10.0,1.9,0.8,0.0,0.0,
1276,47.0,2.6,1.8,5.2,0.2,
1277,401.0,10.0,2.6,84.3,0.0,
1278,30.0,2.5,0.2,4.6,2.1,
1279,30.0,2.2,0.2,4.8,2.6,
1280,244.0,24.1,0.0,36.8,5.9,
1281,29.0,2.9,0.3,3.6,2.3,
1282,322.0,19.3,1.2,58.5,7.1,
1283,315.0,18.9,0.4,58.9,6.9,
1284,29.0,2.7,0.2,4.0,1.8,
1285,105.0,7.4,0.3,18.2,3.0,
1286,313.0,20.3,1.1,55.4,10.4,
1287,322.0,21.6,1.0,56.7,6.9,
1288,29.0,3.1,0.6,2.8,0.0,
1289,133.0,7.5,0.6,24.5,2.2,
1290,31.0,0.0,0.0,0.0,0.0,
1291,19.0,1.0,0.1,3.5,1.4,
1292,114.0,18.1,5.0,0.0,0.0,
1293,81.0,18.5,0.5,0.6,0.0,
1294,309.0,20.2,0.6,55.7,7.7,
1295,499.0,8.7,31.7,44.8,0.3,
1296,77.0,16.0,1.0,1.0,0.0,
1297,349.0,7.7,35.3,0.0,0.0,
1298,228.0,1.7,0.3,54.7,2.6,
1299,23.0,1.4,0.3,3.7,2.1,
1300,32.0,1.3,0.4,5.7,3.2,
1301,212.0,15.0,12.0,11.0,41.7,
1302,450.0,0.0,100.0,0.0,0.0,
1303,203.0,15.2,9.5,14.2,43.5,
1304,31.0,0.8,2.8,0.6,2.6,
1305,31.0,0.8,2.8,0.6,2.6,
1306,184.0,7.9,5.9,24.8,2.2,
1307,127.0,9.7,6.1,8.3,1.1,
1308,88.0,4.8,0.6,15.9,3.7,
1309,59.0,3.6,2.4,5.7,7.2,
1310,89.0,4.0,1.0,15.9,8.88,
1311,54.0,2.1,3.6,3.4,6.4,
1312,135.0,5.8,5.1,16.4,5.0,
1313,124.0,18.5,3.4,4.8,0.0,
1314,102.0,17.8,3.6,0.0,0.0,
1315,350.0,11.9,0.1,75.4,0.4,
1316,466.0,19.9,18.9,54.0,0.0,
1317,483.0,24.8,42.7,0.0,24.0,
1318,26.0,0.5,0.0,0.0,0.0,
1319,343.0,0.0,0.0,0.0,0.0,
1320,78.0,1.6,0.0,0.0,0.0,
1321,426.0,8.1,15.5,63.6,1.4,
1322,436.0,6.0,13.9,71.6,4.0,
1323,416.0,12.8,13.6,60.5,1.2,
1324,107.0,4.7,0.0,22.0,2.8,
1325,248.0,11.8,21.7,1.3,0.0,
1326,549.0,15.5,50.4,8.4,0.0,
1327,63.0,5.6,0.1,9.9,0.2,
1328,66.0,8.3,0.6,6.9,0.0,
1329,40.0,6.8,0.4,2.4,0.0,
1330,41.0,3.4,0.1,6.6,0.0,
1331,38.0,3.5,0.1,5.9,0.0,
1332,51.0,6.9,0.1,5.7,0.0,
1333,86.0,7.8,0.4,12.9,0.0,
1334,71.0,9.4,0.6,6.8,0.0,
1335,99.0,13.0,0.7,10.2,0.0,
1336,55.0,6.7,0.0,7.1,0.1,
1337,71.0,8.4,0.2,9.0,0.0,
1338,246.0,31.4,11.9,3.2,0.0,
1339,24.0,3.0,0.3,2.2,1.2,
1340,272.0,25.4,13.7,11.8,0.0,
1341,151.0,12.0,8.1,7.6,0.6,
1342,160.0,33.7,2.8,0.0,0.0,
1343,266.0,18.9,18.4,6.3,0.0,
1344,248.0,11.8,21.7,1.3,0.0,
1345,24.0,3.0,0.3,2.2,1.2,
1346,397.0,0.0,0.4,98.4,0.0,
1347,107.0,2.8,0.3,23.3,2.2,
1348,72.0,2.5,2.7,9.3,0.0,
1349,64.0,2.7,1.9,9.0,0.0,
1350,67.0,3.1,1.4,10.4,0.0,
1351,48.0,3.2,0.3,8.2,0.0,
1352,57.0,3.3,0.4,10.0,0.0,
1353,62.0,3.2,2.2,7.3,0.0,
1354,62.0,3.2,2.2,7.3,0.0,
1355,278.0,3.5,1.5,62.7,10.6,
1356,394.0,0.2,0.0,98.4,0.0,
1357,14.0,1.1,0.2,1.9,0.5,
1358,67.0,2.2,1.2,11.8,0.0,
1359,443.0,40.4,20.4,24.4,0.0,
1360,132.0,1.6,5.1,19.9,0.4,
1361,344.0,0.0,0.0,0.0,0.0,
1362,62.0,0.1,0.0,0.0,0.0,
1363,31.0,2.1,0.3,4.9,0.0,
1364,14.0,0.5,0.0,3.0,0.0,
1365,91.0,3.7,0.2,18.5,0.0,
1366,43.0,3.0,0.4,6.8,0.1,
1367,3.0,0.1,0.6,0.0,0.0,
1368,37.0,2.8,0.0,6.5,0.0,
1369,155.0,20.2,7.9,0.7,0.0,
1370,94.0,17.1,2.0,2.0,0.0,
1371,37.0,3.3,2.0,1.4,0.8,
1372,8.0,0.6,0.1,1.3,0.7,
1373,55.0,1.0,0.2,12.3,1.4,
1374,55.0,1.0,0.2,12.3,1.4,
1375,14.0,0.5,0.1,2.7,0.7,
1376,114.0,18.1,5.0,0.0,0.0,
1377,176.0,0.2,0.0,43.7,0.6,
1378,300.0,0.6,0.6,73.0,1.6,
1379,26.0,2.4,0.4,3.3,2.7,
1380,21.0,1.0,0.0,4.2,2.5,
1381,186.0,39.0,2.3,2.3,0.0,
1382,41.0,1.6,0.3,8.0,2.1,
1383,504.0,11.4,23.1,62.4,0.0,
1384,100.0,18.6,2.9,0.0,0.0,
1385,180.0,20.2,10.4,1.4,0.0,
1386,362.0,7.9,1.3,79.7,0.0,
1387,106.0,17.9,2.6,2.7,0.0,
1388,355.0,13.2,1.3,72.6,0.0,
1389,200.0,10.0,1.4,36.9,30.4,
1390,71.0,12.2,1.4,2.3,0.0,
1391,119.0,17.2,5.6,0.0,0.0,
1392,142.0,18.5,7.8,0.0,0.0,
1393,90.0,18.5,0.4,3.0,0.0,
1394,14.0,0.7,0.1,2.7,0.8,
1395,298.0,12.1,25.4,5.2,7.7,
1396,19.0,1.0,0.1,3.5,1.9,
1397,278.0,8.0,1.4,58.3,20.7,
1398,137.0,2.3,3.6,23.9,0.0,
1399,24.0,2.0,0.4,3.1,1.6,
1400,24.0,2.0,0.4,3.1,1.6,
1401,24.0,2.0,0.4,3.1,1.6,
1402,25.0,2.4,0.2,3.3,2.1,
1403,95.0,18.4,2.1,0.7,0.0,
1404,340.0,46.5,4.9,27.4,0.0,
1405,308.0,1.2,0.6,74.5,2.9,
1406,116.0,20.1,4.2,0.2,0.0,
1407,116.0,20.1,4.2,0.2,0.0,
1408,155.0,19.9,7.4,2.2,0.0,
1409,298.0,10.2,1.2,61.6,13.4,
1410,130.0,5.2,0.2,26.8,0.4,
1411,347.0,0.0,0.0,0.0,0.0,
1412,15.0,1.5,0.3,1.6,1.1,
1413,30.0,2.4,0.3,4.5,1.7,
1414,93.0,20.5,1.2,0.0,0.0,
1415,79.0,11.8,1.4,4.7,0.0,
1416,80.0,14.6,1.6,1.7,0.0,
1417,373.0,34.6,16.0,22.7,12.6,
1418,116.0,20.1,4.2,0.2,0.0,
1419,155.0,19.9,7.4,2.2,0.0,
1420,116.0,20.1,4.2,0.2,0.0,
1421,126.0,19.5,6.0,0.0,0.0,
1422,77.0,16.0,1.0,1.0,0.0,
1423,312.0,8.3,5.1,58.1,0.5,
1424,274.0,9.2,3.9,50.5,0.5,
1425,318.0,8.8,8.4,51.9,0.0,
1426,278.0,8.5,2.1,56.2,0.8,
1427,320.0,9.5,4.8,59.6,0.3,
1428,273.0,9.2,2.8,52.8,0.8,
1429,375.0,8.4,14.3,53.1,1.5,
1430,282.0,10.0,1.2,57.7,1.0,
1431,279.0,8.8,5.6,48.3,0.3,
1432,270.0,8.3,4.7,48.5,0.1,
1433,246.0,8.5,1.0,50.8,0.1,
1434,329.0,7.9,8.7,54.7,0.9,
1435,83.0,18.1,0.6,1.2,0.0,
1436,285.0,9.3,1.1,59.5,0.4,
1437,355.0,11.0,0.1,77.5,0.2,
1438,280.0,8.5,1.6,58.0,1.5,
1439,109.0,2.7,0.2,24.2,0.1,
1440,429.0,8.5,15.1,64.7,3.6,
1441,119.0,17.2,5.6,0.0,0.0,
1442,293.0,5.2,10.7,44.0,0.0,
1443,140.0,23.5,0.01,11.4,0.9,
1444,490.0,26.9,25.1,39.1,1.3,
1445,84.0,1.6,0.5,18.4,3.3,
1446,10.0,0.8,0.0,1.8,0.0,
1447,26.0,2.4,0.4,3.2,1.4,
1448,17.0,1.3,0.3,2.2,1.1,
1449,22.0,2.3,0.2,2.7,1.2,
1450,180.0,20.2,10.4,1.4,0.0,
1451,180.0,20.2,10.4,1.4,0.0,
1452,165.0,18.3,10.2,0.0,0.0,
1453,22.0,0.7,0.1,4.5,0.8,
1454,320.0,18.6,1.1,59.0,6.6,
1455,572.0,10.8,39.7,42.9,0.3,
1456,457.0,7.9,17.8,66.4,1.2,
1457,429.0,8.5,13.1,69.2,1.0,
1458,444.0,8.4,13.2,73.0,0.9,
1459,448.0,11.0,16.2,64.5,1.5,
1460,528.0,5.4,35.2,47.5,0.5,
1461,444.0,11.0,13.3,70.1,1.1,
1462,446.0,10.8,12.9,71.8,0.3,
1463,546.0,6.5,31.6,58.9,0.2,
1464,408.0,8.4,7.7,76.2,0.0,
1465,546.0,6.5,31.6,58.9,0.2,
1466,433.0,9.0,12.7,70.6,1.1,
1467,452.0,11.8,14.7,68.0,0.4,
1468,208.0,6.2,1.2,43.2,1.0,
1469,233.0,7.8,1.0,48.3,1.5,
1470,207.0,33.4,1.5,15.0,22.6,
1471,207.0,33.4,1.5,15.0,22.6,
1472,47.0,1.7,0.4,9.1,1.8,
1473,898.0,0.0,99.7,0.2,0.0,
1474,407.0,12.4,4.8,78.6,1.5,
1475,26.0,0.4,0.1,5.8,0.4,
1476,31.0,1.8,0.4,5.0,1.2,
1477,211.0,20.0,1.2,30.1,31.6,
1478,19.0,2.2,0.3,1.9,3.3,
1479,31.0,1.8,0.4,5.0,1.2,
1480,211.0,20.0,1.2,30.1,31.6,
1481,91.0,1.4,0.2,20.8,1.2,
1482,68.0,3.8,0.1,13.0,0.0,
1483,80.0,1.5,0.0,0.0,0.0,
1484,25.0,2.4,0.4,3.0,1.6,
1485,104.0,18.9,2.7,1.0,0.0,
1486,122.0,20.1,4.6,0.1,0.0,
1487,359.0,0.1,0.0,89.6,0.0,
1488,337.0,5.7,0.5,77.4,3.3,
1489,11.0,2.6,0.0,0.1,6.6,
1490,122.0,21.2,3.1,2.2,0.0,
1491,194.0,8.2,0.2,39.9,1.9,
1492,251.0,32.3,13.5,0.0,0.0,
1493,116.0,21.5,3.2,0.4,0.0,
1494,186.0,39.0,2.3,2.3,0.0,
1495,143.0,29.7,0.8,4.3,0.0,
1496,310.0,72.8,2.0,0.3,0.0,
1497,116.0,25.6,1.4,0.2,0.0,
1498,351.0,10.4,3.1,70.4,4.3,
1499,169.0,10.9,5.7,18.6,43.3,
1500,414.0,16.5,7.1,71.0,0.0,
1501,34.0,2.6,0.0,5.8,1.0,
1502,37.0,4.6,0.1,4.4,74.4,
1503,191.0,17.6,12.8,1.3,0.0,
1504,252.0,10.9,16.8,14.4,0.0,
1505,303.0,46.1,3.4,22.0,0.0,
1506,252.0,10.9,16.8,14.4,0.0,
1507,84.0,17.4,1.6,0.0,0.0,
1508,313.0,60.0,4.6,7.8,0.0,
1509,75.0,18.3,0.8,0.0,0.0,
1510,135.0,18.3,6.3,1.2,0.0,
1511,122.0,21.2,3.1,2.2,0.0,
1512,157.0,23.3,1.6,12.4,0.0,
1513,105.0,20.8,3.2,0.0,0.0,
1514,102.0,17.3,3.7,0.0,0.0,
1515,100.0,18.6,3.4,0.0,0.0,
1516,100.0,18.6,3.4,0.0,0.0,
1517,84.0,12.6,0.8,6.6,0.0,
1518,322.0,54.1,5.6,13.7,0.0,
1519,63.0,10.3,1.5,2.1,0.0,
1520,155.0,19.9,7.4,2.2,0.0,
1521,155.0,19.9,7.4,2.2,0.0,
1522,117.0,19.9,4.2,0.0,0.0,
1523,143.0,17.2,8.6,0.0,0.0,
1524,106.0,13.2,5.5,0.8,0.0,
1525,124.0,15.5,5.1,4.0,0.0,
1526,108.0,17.1,2.7,3.8,0.0,
1527,60.0,11.1,0.6,2.6,0.0,
1528,397.0,0.0,0.2,98.8,0.0,
1529,385.0,0.3,0.0,95.9,0.0,
1530,30.0,0.1,0.0,7.4,0.0,
1531,20.0,2.7,0.1,2.0,2.1,
1532,77.0,15.7,0.5,2.5,0.0,
1533,61.0,13.9,0.6,0.0,0.0,
1534,102.0,17.3,3.7,0.0,0.0,
1535,102.0,17.8,3.6,0.0,0.0,
1536,109.0,17.6,4.1,0.5,0.0,
1537,109.0,17.6,4.1,0.5,0.0,
1538,110.0,22.2,3.2,0.0,0.0,
1539,122.0,18.8,5.0,0.5,0.0,
1540,108.0,17.1,2.7,3.8,0.0,
1541,108.0,17.1,2.7,3.8,0.0,
1542,95.0,18.4,2.1,0.7,0.0,
1543,399.0,30.7,26.9,8.5,0.0,
1544,95.0,18.4,2.1,0.7,0.0,
1545,100.0,15.3,2.2,4.7,0.0,
1546,142.0,18.5,7.8,0.0,0.0,
1547,142.0,18.5,7.8,0.0,0.0,
1548,106.0,17.9,2.6,2.7,0.0,
1549,124.0,18.5,3.4,4.8,0.0,
1550,118.0,18.9,4.8,0.0,0.0,
1551,107.0,21.1,2.3,0.5,0.0,
1552,135.0,18.3,6.3,1.2,0.0,
1553,90.0,20.8,0.7,0.0,0.0,
1554,159.0,20.7,8.5,0.0,0.0,
1555,88.0,20.4,0.5,0.5,0.0,
1556,181.0,18.6,10.8,2.3,0.0,
1557,181.0,18.6,10.8,2.3,0.0,
1558,100.0,15.3,2.2,4.7,0.0,
1559,117.0,19.9,4.2,0.0,0.0,
1560,117.0,19.9,4.2,0.0,0.0,
1561,89.0,18.0,1.4,1.2,0.0,
1562,99.0,18.6,2.6,0.2,0.0,
1563,167.0,19.3,9.4,1.3,0.0,
1564,111.0,22.3,2.3,0.3,0.0,
1565,124.0,21.6,4.5,0.0,0.0,
1566,256.0,20.3,16.8,5.8,0.0,
1567,147.0,20.0,6.7,1.6,0.0,
1568,389.0,16.7,35.4,0.9,0.0,
1569,351.0,8.3,0.3,78.7,0.9,
1570,172.0,15.9,11.8,0.6,0.0,
1571,254.0,23.9,16.4,2.7,0.0,
1572,254.0,23.9,16.4,2.7,0.0,
1573,41.0,1.1,0.4,8.3,5.9,
1574,194.0,17.4,11.8,4.6,0.0,
1575,440.0,7.2,16.4,65.8,0.0,
1576,121.0,16.6,4.8,2.8,0.0,
1577,118.0,17.1,3.6,4.2,0.0,
1578,121.0,16.7,4.5,3.5,0.0,
1579,118.0,19.2,2.8,4.0,0.0,
1580,118.0,19.2,2.8,4.0,0.0,
1581,133.0,19.4,5.0,2.5,0.0,
1582,181.0,16.4,13.0,0.0,0.0,
1583,436.0,6.2,13.4,72.7,0.0,
1584,138.0,12.7,9.0,1.5,0.0,
1585,156.0,12.8,11.1,1.3,0.0,
1586,60.0,11.6,0.1,3.1,0.0,
1587,44.0,9.8,0.1,1.0,0.0,
1588,60.0,11.6,0.1,3.1,0.0,
1589,545.0,43.4,36.2,11.3,0.0,
1590,367.0,47.5,4.8,33.5,0.0,
1591,328.0,15.2,28.2,3.4,0.0,
1592,263.0,15.2,19.9,5.7,0.0,
1593,644.0,31.6,55.1,5.3,0.0,
1594,644.0,31.6,55.1,5.3,0.0,
1595,49.0,7.8,0.2,4.1,0.0,
1596,240.0,15.5,19.7,0.2,0.0,
1597,360.0,14.3,30.9,6.1,0.0,
1598,424.0,9.3,41.3,3.9,0.0,
1599,424.0,9.3,41.3,3.9,0.0,
1600,461.0,13.0,44.8,1.4,0.0,
1601,92.0,17.9,1.3,2.1,0.0,
1602,56.0,13.2,0.4,0.0,0.0,
1603,245.0,16.6,19.7,0.4,0.0,
1604,897.0,0.0,99.7,0.0,0.0,
1605,538.0,6.5,50.2,15.1,0.0,
1606,146.0,16.5,6.1,6.3,0.0,
1607,90.0,15.0,1.5,4.0,0.0,
1608,128.0,14.5,7.5,0.5,0.0,
1609,136.0,14.7,4.1,10.1,0.0,
1610,113.0,16.8,2.5,5.9,0.0,
1611,129.0,14.2,7.8,0.4,0.0,
1612,117.0,21.7,2.9,1.0,0.0,
1613,150.0,13.4,1.9,19.7,0.0,
1614,58.0,13.6,0.4,0.0,0.0,
1615,245.0,16.6,19.7,0.4,0.0,
1616,180.0,12.6,13.0,3.1,0.0,
1617,190.0,12.7,12.7,6.3,0.0,
1618,47.0,9.9,0.0,1.8,0.0,
1619,378.0,14.5,33.8,4.0,0.0,
1620,378.0,14.5,33.8,4.0,0.0,
1621,126.0,20.4,4.2,1.6,0.0,
1622,143.0,12.8,8.9,2.9,0.0,
1623,112.0,19.8,1.2,5.4,0.0,
1624,201.0,16.5,14.2,1.7,0.0,
1625,245.0,17.9,19.9,0.0,0.0,
1626,461.0,8.4,22.7,55.7,1.7,
1627,129.0,15.2,3.4,9.3,0.0,
1628,100.0,19.6,1.9,1.1,0.0,
1629,196.0,11.1,15.6,2.8,0.0,
1630,48.0,8.9,0.0,3.2,0.0,
1631,324.0,15.5,26.4,6.2,0.0,
1632,110.0,20.2,3.1,0.2,0.0,
1633,160.0,12.8,11.1,2.1,0.0,
1634,152.0,11.6,11.7,0.0,0.0,
1635,160.0,12.8,11.1,2.1,0.0,
1636,160.0,12.8,11.1,2.1,0.0,
1637,171.0,21.4,8.5,2.2,0.0,
1638,429.0,8.5,9.7,77.0,0.0,
1639,84.0,18.4,0.6,1.2,0.0,
1640,34.0,0.5,0.0,0.0,0.0,
1641,220.0,15.8,4.0,30.1,31.3,
1642,95.0,18.4,2.1,0.7,0.0,
1643,512.0,8.4,30.0,52.2,3.1,
1644,341.0,21.8,28.2,0.0,38.2,
1645,397.0,3.8,3.8,86.9,0.3,
1646,524.0,8.3,31.5,51.9,1.5,
1647,16.0,0.7,0.1,3.2,0.4,
1648,401.0,3.9,3.6,88.2,0.5,
1649,181.0,16.4,13.0,0.0,0.0,
1650,133.0,18.4,7.0,0.0,0.0,
1651,133.0,18.4,7.0,0.0,0.0,
1652,133.0,18.4,7.0,0.0,0.0,
1653,234.0,21.0,15.6,2.3,48.1,
1654,5.0,0.4,0.0,0.8,3.2,
1655,892.0,1.4,98.8,0.0,0.0,
1656,599.0,11.1,43.8,40.0,0.0,
1657,15.0,0.8,0.2,2.4,0.5,
1658,99.0,2.8,0.2,21.6,1.2,
1659,24.0,3.0,0.3,2.2,1.2,
1660,31.0,1.6,0.2,5.6,4.3,
1661,31.0,1.6,0.2,5.6,4.3,
1662,37.0,2.0,0.1,7.1,3.9,
1663,342.0,9.7,1.5,72.5,4.4,
1664,199.0,19.4,1.4,27.2,7.7,
1665,124.0,17.8,2.7,7.1,0.0,
1666,166.0,16.4,1.5,21.8,18.3,
1667,320.0,9.5,6.0,56.9,0.2,
1668,106.0,19.8,1.0,4.5,0.0,
1669,339.0,11.8,4.9,61.9,6.4,
1670,418.0,32.8,18.3,30.5,7.0,
1671,44.0,4.5,1.6,3.0,1.5,
1672,78.0,1.3,0.0,0.0,0.0,
1673,78.0,1.2,0.0,0.0,0.0,
1674,85.0,0.0,0.0,0.0,0.0,
1675,277.0,23.8,20.2,0.0,0.0,
1676,131.0,12.1,1.2,17.9,3.4,
1677,124.0,17.8,2.7,7.1,0.0,
1678,81.0,18.5,0.5,0.6,0.0,
1679,124.0,17.8,2.7,7.1,0.0,
1680,89.0,18.0,1.4,1.2,0.0,
1681,61.0,15.4,0.8,0.0,0.0,
1682,227.0,0.0,0.0,0.0,0.0,
1683,205.0,12.1,1.5,35.7,29.9,
1684,21.0,1.5,0.2,3.4,2.6,
1685,228.0,1.7,0.3,54.7,2.6,
1686,417.0,4.2,12.4,72.2,7.5,
1687,333.0,9.4,2.5,68.3,3.9,
1688,531.0,19.1,46.1,10.0,14.0,
1689,381.0,36.1,15.9,23.3,10.2,
1690,85.0,19.5,1.2,0.0,0.0,
1691,106.0,17.9,2.6,2.7,0.0,
1692,436.0,5.6,16.1,67.3,3.3,
1693,273.0,5.0,0.2,62.8,2.0,
1694,90.0,18.9,1.1,1.0,0.0,
1695,383.0,10.9,0.0,84.8,3.1,
1696,32.0,3.7,0.5,3.1,1.9,
1697,71.0,12.2,1.4,2.3,0.0,
