"approved","conflict","slug","canonical_name_en","canonical_name_zh","aliases","exercise_type","record_shape","equipment","primary_muscle","secondary_muscles","is_stretch","risk_flags","cues","review_status","beginner_sets_min","beginner_sets_max","beginner_reps_min","beginner_reps_max","beginner_rest_seconds_min","beginner_rest_seconds_max","duration_seconds","distance_m","failure_policy","substitutions"
"false","missing_translation","bench-press","Bench Press","","","weight_reps","weight_reps","Barbell","Chest","Triceps|Shoulders","false","","","draft","","","","","","","","","avoid",""
"false","missing_translation","incline-bench-press","Incline Bench Press","","","weight_reps","weight_reps","Barbell","Chest","Shoulders|Triceps","false","","","draft","","","","","","","","","avoid",""
"false","missing_translation","incline-dumbbell-press","Incline Dumbbell Press","","","weight_reps","weight_reps","Dumbbell","Chest","Shoulders|Triceps","false","","","draft","","","","","","","","","avoid",""
"false","missing_translation","dumbbell-bench-press","Dumbbell Bench Press","","","weight_reps","weight_reps","Dumbbell","Chest","Triceps|Shoulders","false","","","draft","","","","","","","","","avoid",""
"false","missing_translation","decline-bench-press","Decline Bench Press","","","weight_reps","weight_reps","Barbell","Chest","Triceps|Shoulders","false","","","draft","","","","","","","","","avoid",""
"false","missing_translation","machine-chest-press","Machine Chest Press","","","weight_reps","weight_reps","Machine","Chest","Triceps|Shoulders","false","","","draft","","","","","","","","","avoid",""
"false","missing_translation","pec-deck","Pec Deck","","","weight_reps","weight_reps","Machine","Chest","Shoulders","false","","","draft","","","","","","","","","avoid",""
"false","missing_translation","cable-fly","Cable Fly","","","weight_reps","weight_reps","Cable","Chest","Shoulders","false","","","draft","","","","","","","","","avoid",""
"false","missing_translation","push-up","Push-up","","","bodyweight_reps","weight_reps","Bodyweight","Chest","Triceps|Core","false","","","draft","","","","","","","","","avoid",""
"false","missing_translation","weighted-push-up","Weighted Push-up","","","weight_reps","weight_reps","Bodyweight","Chest","Triceps|Core","false","","","draft","","","","","","","","","avoid",""
"false","missing_translation","overhead-press","Overhead Press","","","weight_reps","weight_reps","Barbell","Shoulders","Triceps","false","","","draft","","","","","","","","","avoid",""
"false","missing_translation","seated-dumbbell-press","Dumbbell Seated Shoulder Press","","","weight_reps","weight_reps","Dumbbell","Shoulders","Triceps","false","","","draft","","","","","","","","","avoid",""
"false","missing_translation","arnold-press","Arnold Press","","","weight_reps","weight_reps","Dumbbell","Shoulders","Triceps","false","","","draft","","","","","","","","","avoid",""
"false","missing_translation","lateral-raise","Lateral Raise","","","weight_reps","weight_reps","Dumbbell","Shoulders","Upper Back","false","","","draft","","","","","","","","","avoid",""
"false","missing_translation","cable-lateral-raise","Cable Lateral Raise","","","weight_reps","weight_reps","Cable","Shoulders","Upper Back","false","","","draft","","","","","","","","","avoid",""
"false","missing_translation","front-raise","Front Raise","","","weight_reps","weight_reps","Dumbbell","Shoulders","Chest","false","","","draft","","","","","","","","","avoid",""
"false","missing_translation","rear-delt-fly","Rear Delt Fly","","","weight_reps","weight_reps","Dumbbell","Rear Delts","Upper Back","false","","","draft","","","","","","","","","avoid",""
"false","missing_translation","reverse-pec-deck","Reverse Pec Deck","","","weight_reps","weight_reps","Machine","Rear Delts","Upper Back","false","","","draft","","","","","","","","","avoid",""
"false","missing_translation","face-pull","Face Pull","","","weight_reps","weight_reps","Cable","Upper Back","Rear Delts|Shoulders","false","","","draft","","","","","","","","","avoid",""
"false","missing_translation","upright-row","Upright Row","","","weight_reps","weight_reps","Barbell","Shoulders","Upper Back|Biceps","false","","","draft","","","","","","","","","avoid",""
"false","missing_translation","deadlift","Deadlift","","","weight_reps","weight_reps","Barbell","Posterior Chain","Back|Grip","false","","","draft","","","","","","","","","avoid",""
"false","missing_translation","romanian-deadlift","Romanian Deadlift","","","weight_reps","weight_reps","Barbell","Hamstrings","Glutes|Lower Back","false","","","draft","","","","","","","","","avoid",""
"false","missing_translation","barbell-row","Barbell Row","","","weight_reps","weight_reps","Barbell","Back","Biceps|Rear Delts","false","","","draft","","","","","","","","","avoid",""
"false","missing_translation","t-bar-row","T-Bar Row","","","weight_reps","weight_reps","Machine","Back","Biceps|Rear Delts","false","","","draft","","","","","","","","","avoid",""
"false","missing_translation","dumbbell-bent-over-row","Dumbbell Bent Over Row","","","weight_reps","weight_reps","Dumbbell","Back","Biceps|Rear Delts","false","","","draft","","","","","","","","","avoid",""
"false","missing_translation","one-arm-dumbbell-row","One-Arm Dumbbell Row","","","weight_reps","weight_reps","Dumbbell","Back","Biceps","false","","","draft","","","","","","","","","avoid",""
"false","missing_translation","chest-supported-row","Chest Supported Row","","","weight_reps","weight_reps","Machine","Back","Biceps|Rear Delts","false","","","draft","","","","","","","","","avoid",""
"false","missing_translation","seated-row","Seated Cable Row","","","weight_reps","weight_reps","Cable","Back","Biceps|Rear Delts","false","","","draft","","","","","","","","","avoid",""
"false","missing_translation","machine-row","Machine Row","","","weight_reps","weight_reps","Machine","Back","Biceps","false","","","draft","","","","","","","","","avoid",""
"false","missing_translation","lat-pulldown","Lat Pulldown","","","weight_reps","weight_reps","Cable","Lats","Biceps","false","","","draft","","","","","","","","","avoid",""
"false","missing_translation","close-grip-lat-pulldown","Close-Grip Lat Pulldown","","","weight_reps","weight_reps","Cable","Lats","Biceps","false","","","draft","","","","","","","","","avoid",""
"false","missing_translation","straight-arm-pulldown","Straight-Arm Pulldown","","","weight_reps","weight_reps","Cable","Lats","Core","false","","","draft","","","","","","","","","avoid",""
"false","missing_translation","pull-up","Pull-up","","","bodyweight_reps","weight_reps","Bodyweight","Lats","Biceps|Core","false","","","draft","","","","","","","","","avoid",""
"false","missing_translation","assisted-pull-up","Assisted Pull-up","","","assisted_bodyweight","weight_reps","Machine","Lats","Biceps","false","","","draft","","","","","","","","","avoid",""
"false","missing_translation","weighted-pull-up","Weighted Pull-up","","","weight_reps","weight_reps","Bodyweight","Lats","Biceps","false","","","draft","","","","","","","","","avoid",""
"false","missing_translation","chin-up","Chin-up","","","bodyweight_reps","weight_reps","Bodyweight","Biceps","Lats","false","","","draft","","","","","","","","","avoid",""
"false","missing_translation","shrug","Barbell Shrug","","","weight_reps","weight_reps","Barbell","Upper Back","Forearms","false","","","draft","","","","","","","","","avoid",""
"false","missing_translation","squat","Squat","","","weight_reps","weight_reps","Barbell","Quads","Glutes|Core","false","","","draft","","","","","","","","","avoid",""
"false","missing_translation","front-squat","Front Squat","","","weight_reps","weight_reps","Barbell","Quads","Core|Glutes","false","","","draft","","","","","","","","","avoid",""
"false","missing_translation","hack-squat","Hack Squat","","","weight_reps","weight_reps","Machine","Quads","Glutes","false","","","draft","","","","","","","","","avoid",""
"false","missing_translation","leg-press","Leg Press","","","weight_reps","weight_reps","Machine","Quads","Glutes|Hamstrings","false","","","draft","","","","","","","","","avoid",""
"false","missing_translation","bulgarian-split-squat","Bulgarian Split Squat","","","weight_reps","weight_reps","Dumbbell","Quads","Glutes|Core","false","","","draft","","","","","","","","","avoid",""
"false","missing_translation","walking-lunge","Walking Lunge","","","weight_reps","weight_reps","Dumbbell","Quads","Glutes|Hamstrings","false","","","draft","","","","","","","","","avoid",""
"false","missing_translation","step-up","Step-Up","","","weight_reps","weight_reps","Dumbbell","Quads","Glutes","false","","","draft","","","","","","","","","avoid",""
"false","missing_translation","leg-extension","Leg Extension","","","weight_reps","weight_reps","Machine","Quads","","false","","","draft","","","","","","","","","avoid",""
"false","missing_translation","leg-curl","Leg Curl","","","weight_reps","weight_reps","Machine","Hamstrings","Calves","false","","","draft","","","","","","","","","avoid",""
"false","missing_translation","seated-leg-curl","Seated Leg Curl","","","weight_reps","weight_reps","Machine","Hamstrings","Calves","false","","","draft","","","","","","","","","avoid",""
"false","missing_translation","hip-thrust","Hip Thrust","","","weight_reps","weight_reps","Barbell","Glutes","Hamstrings","false","","","draft","","","","","","","","","avoid",""
"false","missing_translation","glute-bridge","Glute Bridge","","","bodyweight_reps","weight_reps","Bodyweight","Glutes","Hamstrings","false","","","draft","","","","","","","","","avoid",""
"false","missing_translation","good-morning","Good Morning","","","weight_reps","weight_reps","Barbell","Hamstrings","Glutes|Lower Back","false","","","draft","","","","","","","","","avoid",""
"false","missing_translation","standing-calf-raise","Standing Calf Raise","","","weight_reps","weight_reps","Machine","Calves","","false","","","draft","","","","","","","","","avoid",""
"false","missing_translation","seated-calf-raise","Seated Calf Raise","","","weight_reps","weight_reps","Machine","Calves","","false","","","draft","","","","","","","","","avoid",""
"false","missing_translation","bicep-curl","Bicep Curl","","","weight_reps","weight_reps","Dumbbell","Biceps","Forearms","false","","","draft","","","","","","","","","avoid",""
"false","missing_translation","hammer-curl","Hammer Curl","","","weight_reps","weight_reps","Dumbbell","Biceps","Forearms","false","","","draft","","","","","","","","","avoid",""
"false","missing_translation","preacher-curl","Preacher Curl","","","weight_reps","weight_reps","Machine","Biceps","Forearms","false","","","draft","","","","","","","","","avoid",""
"false","missing_translation","cable-curl","Cable Curl","","","weight_reps","weight_reps","Cable","Biceps","Forearms","false","","","draft","","","","","","","","","avoid",""
"false","missing_translation","reverse-curl","Reverse Curl","","","weight_reps","weight_reps","Barbell","Forearms","Biceps","false","","","draft","","","","","","","","","avoid",""
"false","missing_translation","wrist-curl","Wrist Curl","","","weight_reps","weight_reps","Barbell","Forearms","","false","","","draft","","","","","","","","","avoid",""
"false","missing_translation","tricep-pushdown","Tricep Pushdown","","","weight_reps","weight_reps","Cable","Triceps","Shoulders","false","","","draft","","","","","","","","","avoid",""
"false","missing_translation","overhead-tricep-extension","Overhead Tricep Extension","","","weight_reps","weight_reps","Cable","Triceps","Shoulders","false","","","draft","","","","","","","","","avoid",""
"false","missing_translation","skull-crusher","Skull Crusher","","","weight_reps","weight_reps","Barbell","Triceps","Shoulders","false","","","draft","","","","","","","","","avoid",""
"false","missing_translation","close-grip-bench-press","Close-Grip Bench Press","","","weight_reps","weight_reps","Barbell","Triceps","Chest|Shoulders","false","","","draft","","","","","","","","","avoid",""
"false","missing_translation","dip","Dip","","","bodyweight_reps","weight_reps","Bodyweight","Triceps","Chest|Shoulders","false","","","draft","","","","","","","","","avoid",""
"false","missing_translation","assisted-dip","Assisted Dip","","","assisted_bodyweight","weight_reps","Machine","Triceps","Chest","false","","","draft","","","","","","","","","avoid",""
"false","missing_translation","plank","Plank","","","duration","duration","Bodyweight","Core","Shoulders","false","","","draft","","","","","","","","","avoid",""
"false","missing_translation","side-plank","Side Plank","","","duration","duration","Bodyweight","Core","Shoulders","false","","","draft","","","","","","","","","avoid",""
"false","missing_translation","hanging-leg-raise","Hanging Leg Raise","","","bodyweight_reps","weight_reps","Bodyweight","Core","Grip","false","","","draft","","","","","","","","","avoid",""
"false","missing_translation","cable-crunch","Cable Crunch","","","weight_reps","weight_reps","Cable","Core","","false","","","draft","","","","","","","","","avoid",""
"false","missing_translation","ab-wheel","Ab Wheel Rollout","","","bodyweight_reps","weight_reps","Bodyweight","Core","Shoulders","false","","","draft","","","","","","","","","avoid",""
"false","missing_translation","running","Running","","","distance_duration","distance_duration","Cardio","Legs","Cardio","false","","","draft","","","","","","","","","avoid",""
"false","missing_translation","walking","Walking","","","distance_duration","distance_duration","Cardio","Legs","Cardio","false","","","draft","","","","","","","","","avoid",""
"false","missing_translation","cycling","Cycling","","","distance_duration","distance_duration","Cardio","Legs","Cardio","false","","","draft","","","","","","","","","avoid",""
"false","missing_translation","rowing","Rowing","","","distance_duration","distance_duration","Cardio","Back","Legs|Cardio","false","","","draft","","","","","","","","","avoid",""
"false","missing_translation","stair-climber","Stair Climber","","","duration","duration","Cardio","Legs","Cardio","false","","","draft","","","","","","","","","avoid",""
"false","missing_translation","dumbbell-fly","Dumbbell Fly","","","weight_reps","weight_reps","Dumbbell","Chest","Shoulders","false","","","draft","","","","","","","","","avoid",""
"false","missing_translation","incline-cable-fly","Incline Cable Fly","","","weight_reps","weight_reps","Cable","Chest","Shoulders","false","","","draft","","","","","","","","","avoid",""
"false","missing_translation","decline-dumbbell-press","Decline Dumbbell Press","","","weight_reps","weight_reps","Dumbbell","Chest","Triceps|Shoulders","false","","","draft","","","","","","","","","avoid",""
"false","missing_translation","smith-machine-bench-press","Smith Machine Bench Press","","","weight_reps","weight_reps","Machine","Chest","Triceps|Shoulders","false","","","draft","","","","","","","","","avoid",""
"false","missing_translation","landmine-press","Landmine Press","","","weight_reps","weight_reps","Barbell","Shoulders","Chest|Triceps","false","","","draft","","","","","","","","","avoid",""
"false","missing_translation","chest-dip","Chest Dip","","","bodyweight_reps","weight_reps","Bodyweight","Chest","Triceps|Shoulders","false","","","draft","","","","","","","","","avoid",""
"false","missing_translation","weighted-dip","Weighted Dip","","","weight_reps","weight_reps","Bodyweight","Triceps","Chest|Shoulders","false","","","draft","","","","","","","","","avoid",""
"false","missing_translation","machine-shoulder-press","Machine Shoulder Press","","","weight_reps","weight_reps","Machine","Shoulders","Triceps","false","","","draft","","","","","","","","","avoid",""
"false","missing_translation","standing-dumbbell-press","Standing Dumbbell Press","","","weight_reps","weight_reps","Dumbbell","Shoulders","Triceps|Core","false","","","draft","","","","","","","","","avoid",""
"false","missing_translation","push-press","Push Press","","","weight_reps","weight_reps","Barbell","Shoulders","Triceps|Quads","false","","","draft","","","","","","","","","avoid",""
"false","missing_translation","machine-lateral-raise","Machine Lateral Raise","","","weight_reps","weight_reps","Machine","Shoulders","Upper Back","false","","","draft","","","","","","","","","avoid",""
"false","missing_translation","cable-front-raise","Cable Front Raise","","","weight_reps","weight_reps","Cable","Shoulders","Chest","false","","","draft","","","","","","","","","avoid",""
"false","missing_translation","plate-front-raise","Plate Front Raise","","","weight_reps","weight_reps","Plate","Shoulders","Chest","false","","","draft","","","","","","","","","avoid",""
"false","missing_translation","bent-over-rear-delt-raise","Bent-Over Rear Delt Raise","","","weight_reps","weight_reps","Dumbbell","Rear Delts","Upper Back","false","","","draft","","","","","","","","","avoid",""
"false","missing_translation","cable-rear-delt-fly","Cable Rear Delt Fly","","","weight_reps","weight_reps","Cable","Rear Delts","Upper Back","false","","","draft","","","","","","","","","avoid",""
"false","missing_translation","pendlay-row","Pendlay Row","","","weight_reps","weight_reps","Barbell","Back","Biceps|Rear Delts","false","","","draft","","","","","","","","","avoid",""
"false","missing_translation","inverted-row","Inverted Row","","","bodyweight_reps","weight_reps","Bodyweight","Back","Biceps|Core","false","","","draft","","","","","","","","","avoid",""
"false","missing_translation","meadows-row","Meadows Row","","","weight_reps","weight_reps","Barbell","Back","Biceps|Rear Delts","false","","","draft","","","","","","","","","avoid",""
"false","missing_translation","single-arm-cable-row","Single-Arm Cable Row","","","weight_reps","weight_reps","Cable","Back","Biceps|Rear Delts","false","","","draft","","","","","","","","","avoid",""
"false","missing_translation","wide-grip-lat-pulldown","Wide-Grip Lat Pulldown","","","weight_reps","weight_reps","Cable","Lats","Biceps","false","","","draft","","","","","","","","","avoid",""
"false","missing_translation","neutral-grip-pull-up","Neutral-Grip Pull-up","","","bodyweight_reps","weight_reps","Bodyweight","Lats","Biceps|Core","false","","","draft","","","","","","","","","avoid",""
"false","missing_translation","assisted-chin-up","Assisted Chin-up","","","assisted_bodyweight","weight_reps","Machine","Biceps","Lats","false","","","draft","","","","","","","","","avoid",""
"false","missing_translation","weighted-chin-up","Weighted Chin-up","","","weight_reps","weight_reps","Bodyweight","Biceps","Lats","false","","","draft","","","","","","","","","avoid",""
"false","missing_translation","rack-pull","Rack Pull","","","weight_reps","weight_reps","Barbell","Back","Glutes|Hamstrings","false","","","draft","","","","","","","","","avoid",""
"false","missing_translation","back-extension","Back Extension","","","bodyweight_reps","weight_reps","Bodyweight","Lower Back","Glutes|Hamstrings","false","","","draft","","","","","","","","","avoid",""
"false","missing_translation","dumbbell-shrug","Dumbbell Shrug","","","weight_reps","weight_reps","Dumbbell","Upper Back","Forearms","false","","","draft","","","","","","","","","avoid",""
"false","missing_translation","goblet-squat","Goblet Squat","","","weight_reps","weight_reps","Dumbbell","Quads","Glutes|Core","false","","","draft","","","","","","","","","avoid",""
"false","missing_translation","smith-machine-squat","Smith Machine Squat","","","weight_reps","weight_reps","Machine","Quads","Glutes|Core","false","","","draft","","","","","","","","","avoid",""
"false","missing_translation","belt-squat","Belt Squat","","","weight_reps","weight_reps","Machine","Quads","Glutes","false","","","draft","","","","","","","","","avoid",""
"false","missing_translation","sumo-deadlift","Sumo Deadlift","","","weight_reps","weight_reps","Barbell","Posterior Chain","Glutes|Quads","false","","","draft","","","","","","","","","avoid",""
"false","missing_translation","trap-bar-deadlift","Trap Bar Deadlift","","","weight_reps","weight_reps","Barbell","Posterior Chain","Quads|Grip","false","","","draft","","","","","","","","","avoid",""
"false","missing_translation","lying-leg-curl","Lying Leg Curl","","","weight_reps","weight_reps","Machine","Hamstrings","Calves","false","","","draft","","","","","","","","","avoid",""
"false","missing_translation","nordic-hamstring-curl","Nordic Hamstring Curl","","","bodyweight_reps","weight_reps","Bodyweight","Hamstrings","Glutes|Calves","false","","","draft","","","","","","","","","avoid",""
"false","missing_translation","single-leg-romanian-deadlift","Single-Leg Romanian Deadlift","","","weight_reps","weight_reps","Dumbbell","Hamstrings","Glutes|Core","false","","","draft","","","","","","","","","avoid",""
"false","missing_translation","reverse-lunge","Reverse Lunge","","","weight_reps","weight_reps","Dumbbell","Quads","Glutes|Hamstrings","false","","","draft","","","","","","","","","avoid",""
"false","missing_translation","split-squat","Split Squat","","","weight_reps","weight_reps","Dumbbell","Quads","Glutes|Core","false","","","draft","","","","","","","","","avoid",""
"false","missing_translation","cable-kickback","Cable Kickback","","","weight_reps","weight_reps","Cable","Glutes","Hamstrings","false","","","draft","","","","","","","","","avoid",""
"false","missing_translation","hip-abduction-machine","Hip Abduction Machine","","","weight_reps","weight_reps","Machine","Glutes","Core","false","","","draft","","","","","","","","","avoid",""
"false","missing_translation","single-leg-glute-bridge","Single-Leg Glute Bridge","","","bodyweight_reps","weight_reps","Bodyweight","Glutes","Hamstrings","false","","","draft","","","","","","","","","avoid",""
"false","missing_translation","barbell-glute-bridge","Barbell Glute Bridge","","","weight_reps","weight_reps","Barbell","Glutes","Hamstrings|Core","false","","","draft","","","","","","","","","avoid",""
"false","missing_translation","dumbbell-glute-bridge","Dumbbell Glute Bridge","","","weight_reps","weight_reps","Dumbbell","Glutes","Hamstrings|Core","false","","","draft","","","","","","","","","avoid",""
"false","missing_translation","dumbbell-hip-thrust","Dumbbell Hip Thrust","","","weight_reps","weight_reps","Dumbbell","Glutes","Hamstrings","false","","","draft","","","","","","","","","avoid",""
"false","missing_translation","smith-machine-hip-thrust","Smith Machine Hip Thrust","","","weight_reps","weight_reps","Machine","Glutes","Hamstrings|Core","false","","","draft","","","","","","","","","avoid",""
"false","missing_translation","smith-machine-romanian-deadlift","Smith Machine Romanian Deadlift","","","weight_reps","weight_reps","Machine","Hamstrings","Glutes|Lower Back","false","","","draft","","","","","","","","","avoid",""
"false","missing_translation","dumbbell-romanian-deadlift","Dumbbell Romanian Deadlift","","","weight_reps","weight_reps","Dumbbell","Hamstrings","Glutes|Lower Back","false","","","draft","","","","","","","","","avoid",""
"false","missing_translation","kettlebell-romanian-deadlift","Kettlebell Romanian Deadlift","","","weight_reps","weight_reps","Kettlebell","Hamstrings","Glutes|Lower Back","false","","","draft","","","","","","","","","avoid",""
"false","missing_translation","cable-pull-through","Cable Pull-Through","","","weight_reps","weight_reps","Cable","Glutes","Hamstrings|Lower Back","false","","","draft","","","","","","","","","avoid",""
"false","missing_translation","machine-glute-kickback","Machine Glute Kickback","","","weight_reps","weight_reps","Machine","Glutes","Hamstrings","false","","","draft","","","","","","","","","avoid",""
"false","missing_translation","cable-standing-hip-abduction","Cable Standing Hip Abduction","","","weight_reps","weight_reps","Cable","Glutes","Core","false","","","draft","","","","","","","","","avoid",""
"false","missing_translation","cable-standing-hip-adduction","Cable Standing Hip Adduction","","","weight_reps","weight_reps","Cable","Adductors","Core|Glutes","false","","","draft","","","","","","","","","avoid",""
"false","missing_translation","hip-adduction-machine","Hip Adduction Machine","","","weight_reps","weight_reps","Machine","Adductors","Core","false","","","draft","","","","","","","","","avoid",""
"false","missing_translation","smith-machine-bulgarian-split-squat","Smith Machine Bulgarian Split Squat","","","weight_reps","weight_reps","Machine","Quads","Glutes|Core","false","","","draft","","","","","","","","","avoid",""
"false","missing_translation","smith-machine-reverse-lunge","Smith Machine Reverse Lunge","","","weight_reps","weight_reps","Machine","Quads","Glutes|Hamstrings|Core","false","","","draft","","","","","","","","","avoid",""
"false","missing_translation","smith-machine-split-squat","Smith Machine Split Squat","","","weight_reps","weight_reps","Machine","Quads","Glutes|Core","false","","","draft","","","","","","","","","avoid",""
"false","missing_translation","heel-elevated-goblet-squat","Heel-Elevated Goblet Squat","","","weight_reps","weight_reps","Dumbbell","Quads","Glutes|Core","false","","","draft","","","","","","","","","avoid",""
"false","missing_translation","dumbbell-sumo-squat","Dumbbell Sumo Squat","","","weight_reps","weight_reps","Dumbbell","Glutes","Quads|Adductors|Hamstrings","false","","","draft","","","","","","","","","avoid",""
"false","missing_translation","dumbbell-sumo-deadlift","Dumbbell Sumo Deadlift","","","weight_reps","weight_reps","Dumbbell","Posterior Chain","Glutes|Quads|Adductors","false","","","draft","","","","","","","","","avoid",""
"false","missing_translation","front-foot-elevated-split-squat","Front-Foot Elevated Split Squat","","","weight_reps","weight_reps","Dumbbell","Quads","Glutes|Core","false","","","draft","","","","","","","","","avoid",""
"false","missing_translation","deficit-reverse-lunge","Deficit Reverse Lunge","","","weight_reps","weight_reps","Dumbbell","Glutes","Quads|Hamstrings|Core","false","","","draft","","","","","","","","","avoid",""
"false","missing_translation","dumbbell-lateral-lunge","Dumbbell Lateral Lunge","","","weight_reps","weight_reps","Dumbbell","Quads","Glutes|Adductors|Hamstrings","false","","","draft","","","","","","","","","avoid",""
"false","missing_translation","dumbbell-curtsy-lunge","Dumbbell Curtsy Lunge","","","weight_reps","weight_reps","Dumbbell","Glutes","Quads|Hamstrings|Core","false","","","draft","","","","","","","","","avoid",""
"false","missing_translation","landmine-squat","Landmine Squat","","","weight_reps","weight_reps","Barbell","Quads","Glutes|Core","false","","","draft","","","","","","","","","avoid",""
"false","missing_translation","landmine-romanian-deadlift","Landmine Romanian Deadlift","","","weight_reps","weight_reps","Barbell","Hamstrings","Glutes|Lower Back","false","","","draft","","","","","","","","","avoid",""
"false","missing_translation","kettlebell-swing","Kettlebell Swing","","","weight_reps","weight_reps","Kettlebell","Glutes","Hamstrings|Core|Cardio","false","","","draft","","","","","","","","","avoid",""
"false","missing_translation","glute-focused-back-extension","Glute-Focused Back Extension","","","bodyweight_reps","weight_reps","Bodyweight","Glutes","Hamstrings|Lower Back","false","","","draft","","","","","","","","","avoid",""
"false","missing_translation","reverse-hyperextension","Reverse Hyperextension","","","bodyweight_reps","weight_reps","Machine","Glutes","Hamstrings|Lower Back","false","","","draft","","","","","","","","","avoid",""
"false","missing_translation","donkey-calf-raise","Donkey Calf Raise","","","weight_reps","weight_reps","Machine","Calves","","false","","","draft","","","","","","","","","avoid",""
"false","missing_translation","leg-press-calf-raise","Leg Press Calf Raise","","","weight_reps","weight_reps","Machine","Calves","","false","","","draft","","","","","","","","","avoid",""
"false","missing_translation","wall-sit","Wall Sit","","","duration","duration","Bodyweight","Quads","Glutes|Core","false","","","draft","","","","","","","","","avoid",""
"false","missing_translation","jump-squat","Jump Squat","","","bodyweight_reps","weight_reps","Bodyweight","Quads","Glutes|Calves","false","","","draft","","","","","","","","","avoid",""
"false","missing_translation","incline-dumbbell-curl","Incline Dumbbell Curl","","","weight_reps","weight_reps","Dumbbell","Biceps","Forearms","false","","","draft","","","","","","","","","avoid",""
"false","missing_translation","concentration-curl","Concentration Curl","","","weight_reps","weight_reps","Dumbbell","Biceps","Forearms","false","","","draft","","","","","","","","","avoid",""
"false","missing_translation","ez-bar-curl","EZ-Bar Curl","","","weight_reps","weight_reps","Barbell","Biceps","Forearms","false","","","draft","","","","","","","","","avoid",""
"false","missing_translation","spider-curl","Spider Curl","","","weight_reps","weight_reps","Dumbbell","Biceps","Forearms","false","","","draft","","","","","","","","","avoid",""
"false","missing_translation","rope-hammer-curl","Rope Hammer Curl","","","weight_reps","weight_reps","Cable","Biceps","Forearms","false","","","draft","","","","","","","","","avoid",""
"false","missing_translation","drag-curl","Drag Curl","","","weight_reps","weight_reps","Barbell","Biceps","Forearms","false","","","draft","","","","","","","","","avoid",""
"false","missing_translation","rope-tricep-pushdown","Rope Tricep Pushdown","","","weight_reps","weight_reps","Cable","Triceps","Shoulders","false","","","draft","","","","","","","","","avoid",""
"false","missing_translation","dumbbell-skull-crusher","Two Dumbbell Skullcrusher","","","weight_reps","weight_reps","Dumbbell","Triceps","Shoulders","false","","","draft","","","","","","","","","avoid",""
"false","missing_translation","single-dumbbell-skullcrusher","Single Dumbbell Skullcrusher","","","weight_reps","weight_reps","Dumbbell","Triceps","Shoulders","false","","","draft","","","","","","","","","avoid",""
"false","missing_translation","dumbbell-overhead-tricep-extension","Dumbbell Overhead Tricep Extension","","","weight_reps","weight_reps","Dumbbell","Triceps","Shoulders","false","","","draft","","","","","","","","","avoid",""
"false","missing_translation","single-arm-dumbbell-tricep-extension","Single Arm Dumbbell Tricep Extension","","","weight_reps","weight_reps","Dumbbell","Triceps","Shoulders","false","","","draft","","","","","","","","","avoid",""
"false","missing_translation","bench-dip","Bench Dip","","","bodyweight_reps","weight_reps","Bodyweight","Triceps","Chest|Shoulders","false","","","draft","","","","","","","","","avoid",""
"false","missing_translation","tricep-kickback","Tricep Kickback","","","weight_reps","weight_reps","Dumbbell","Triceps","Shoulders","false","","","draft","","","","","","","","","avoid",""
"false","missing_translation","wrist-extension","Wrist Extension","","","weight_reps","weight_reps","Dumbbell","Forearms","","false","","","draft","","","","","","","","","avoid",""
"false","missing_translation","farmer-carry","Farmer Carry","","","distance_duration","distance_duration","Dumbbell","Forearms","Upper Back|Core","false","","","draft","","","","","","","","","avoid",""
"false","missing_translation","crunch","Crunch","","","bodyweight_reps","weight_reps","Bodyweight","Core","","false","","","draft","","","","","","","","","avoid",""
"false","missing_translation","reverse-crunch","Reverse Crunch","","","bodyweight_reps","weight_reps","Bodyweight","Core","","false","","","draft","","","","","","","","","avoid",""
"false","missing_translation","russian-twist","Russian Twist","","","bodyweight_reps","weight_reps","Bodyweight","Core","Shoulders","false","","","draft","","","","","","","","","avoid",""
"false","missing_translation","bicycle-crunch","Bicycle Crunch","","","bodyweight_reps","weight_reps","Bodyweight","Core","Legs","false","","","draft","","","","","","","","","avoid",""
"false","missing_translation","mountain-climber","Mountain Climber","","","duration","duration","Bodyweight","Core","Shoulders|Legs","false","","","draft","","","","","","","","","avoid",""
"false","missing_translation","dead-bug","Dead Bug","","","bodyweight_reps","weight_reps","Bodyweight","Core","Legs","false","","","draft","","","","","","","","","avoid",""
"false","missing_translation","bird-dog","Bird Dog","","","bodyweight_reps","weight_reps","Bodyweight","Core","Glutes|Shoulders","false","","","draft","","","","","","","","","avoid",""
"false","missing_translation","pallof-press","Pallof Press","","","weight_reps","weight_reps","Cable","Core","Shoulders","false","","","draft","","","","","","","","","avoid",""
"false","missing_translation","cable-woodchop","Cable Woodchop","","","weight_reps","weight_reps","Cable","Core","Shoulders","false","","","draft","","","","","","","","","avoid",""
"false","missing_translation","half-kneeling-pallof-press","Half-Kneeling Pallof Press","","","weight_reps","weight_reps","Cable","Core","Glutes|Shoulders","false","","","draft","","","","","","","","","avoid",""
"false","missing_translation","cable-pallof-hold","Cable Pallof Hold","","","duration","duration","Cable","Core","Glutes|Shoulders","false","","","draft","","","","","","","","","avoid",""
"false","missing_translation","hanging-knee-raise","Hanging Knee Raise","","","bodyweight_reps","weight_reps","Pull-up Bar","Core","Grip","false","","","draft","","","","","","","","","avoid",""
"false","missing_translation","captains-chair-knee-raise","Captain's Chair Knee Raise","","","bodyweight_reps","weight_reps","Machine","Core","Shoulders","false","","","draft","","","","","","","","","avoid",""
"false","missing_translation","decline-sit-up","Decline Sit-Up","","","bodyweight_reps","weight_reps","Bench","Core","Quads","false","","","draft","","","","","","","","","avoid",""
"false","missing_translation","weighted-crunch","Weighted Crunch","","","weight_reps","weight_reps","Plate","Core","","false","","","draft","","","","","","","","","avoid",""
"false","missing_translation","weighted-russian-twist","Weighted Russian Twist","","","weight_reps","weight_reps","Dumbbell","Core","Shoulders","false","","","draft","","","","","","","","","avoid",""
"false","missing_translation","dumbbell-side-bend","Dumbbell Side Bend","","","weight_reps","weight_reps","Dumbbell","Core","Grip","false","","","draft","","","","","","","","","avoid",""
"false","missing_translation","elliptical","Elliptical","","","duration","duration","Cardio","Legs","Cardio","false","","","draft","","","","","","","","","avoid",""
"false","missing_translation","swimming","Swimming","","","distance_duration","distance_duration","Cardio","Back","Shoulders|Cardio","false","","","draft","","","","","","","","","avoid",""
"false","missing_translation","jump-rope","Jump Rope","","","duration","duration","Cardio","Calves","Cardio|Shoulders","false","","","draft","","","","","","","","","avoid",""
"false","missing_translation","assault-bike","Assault Bike","","","distance_duration","distance_duration","Cardio","Legs","Cardio|Shoulders","false","","","draft","","","","","","","","","avoid",""
"false","missing_translation","skierg","SkiErg","","","distance_duration","distance_duration","Cardio","Back","Triceps|Core|Cardio","false","","","draft","","","","","","","","","avoid",""
"false","missing_translation","hiking","Hiking","","","distance_duration","distance_duration","Cardio","Legs","Glutes|Cardio","false","","","draft","","","","","","","","","avoid",""
"false","missing_translation","treadmill-incline-walk","Treadmill Incline Walk","","","distance_duration","distance_duration","Cardio","Legs","Glutes|Cardio","false","","","draft","","","","","","","","","avoid",""
"false","missing_translation","battle-ropes","Battle Ropes","","","duration","duration","Cardio","Shoulders","Core|Cardio","false","","","draft","","","","","","","","","avoid",""
"false","missing_translation","incline-push-up","Incline Push-up","","","bodyweight_reps","weight_reps","Bodyweight","Chest","Triceps|Shoulders|Core","false","","","draft","","","","","","","","","avoid",""
"false","missing_translation","knee-push-up","Knee Push-up","","","bodyweight_reps","weight_reps","Bodyweight","Chest","Triceps|Shoulders|Core","false","","","draft","","","","","","","","","avoid",""
"false","missing_translation","wide-push-up","Wide Push-up","","","bodyweight_reps","weight_reps","Bodyweight","Chest","Shoulders|Triceps|Core","false","","","draft","","","","","","","","","avoid",""
"false","missing_translation","diamond-push-up","Diamond Push-up","","","bodyweight_reps","weight_reps","Bodyweight","Triceps","Chest|Shoulders|Core","false","","","draft","","","","","","","","","avoid",""
"false","missing_translation","decline-push-up","Decline Push-up","","","bodyweight_reps","weight_reps","Bodyweight","Chest","Shoulders|Triceps|Core","false","","","draft","","","","","","","","","avoid",""
"false","missing_translation","pike-push-up","Pike Push-up","","","bodyweight_reps","weight_reps","Bodyweight","Shoulders","Triceps|Chest|Core","false","","","draft","","","","","","","","","avoid",""
"false","missing_translation","feet-elevated-pike-push-up","Feet-Elevated Pike Push-up","","","bodyweight_reps","weight_reps","Bodyweight","Shoulders","Triceps|Chest|Core","false","","","draft","","","","","","","","","avoid",""
"false","missing_translation","archer-push-up","Archer Push-up","","","bodyweight_reps","weight_reps","Bodyweight","Chest","Triceps|Shoulders|Core","false","","","draft","","","","","","","","","avoid",""
"false","missing_translation","typewriter-push-up","Typewriter Push-up","","","bodyweight_reps","weight_reps","Bodyweight","Chest","Triceps|Shoulders|Core","false","","","draft","","","","","","","","","avoid",""
"false","missing_translation","explosive-push-up","Explosive Push-up","","","bodyweight_reps","weight_reps","Bodyweight","Chest","Triceps|Shoulders|Core","false","","","draft","","","","","","","","","avoid",""
"false","missing_translation","hindu-push-up","Hindu Push-up","","","bodyweight_reps","weight_reps","Bodyweight","Chest","Shoulders|Triceps|Core","false","","","draft","","","","","","","","","avoid",""
"false","missing_translation","scapular-push-up","Scapular Push-up","","","bodyweight_reps","weight_reps","Bodyweight","Upper Back","Chest|Shoulders|Core","false","","","draft","","","","","","","","","avoid",""
"false","missing_translation","push-up-shoulder-tap","Push-up Shoulder Tap","","","bodyweight_reps","weight_reps","Bodyweight","Core","Chest|Shoulders|Triceps","false","","","draft","","","","","","","","","avoid",""
"false","missing_translation","wall-push-up","Wall Push-up","","","bodyweight_reps","weight_reps","Wall","Chest","Triceps|Shoulders","false","","","draft","","","","","","","","","avoid",""
"false","missing_translation","wall-walk","Wall Walk","","","bodyweight_reps","weight_reps","Wall","Shoulders","Core|Chest|Triceps","false","","","draft","","","","","","","","","avoid",""
"false","missing_translation","wall-handstand-push-up","Wall Handstand Push-up","","","bodyweight_reps","weight_reps","Wall","Shoulders","Triceps|Core|Chest","false","","","draft","","","","","","","","","avoid",""
"false","missing_translation","handstand-push-up","Handstand Push-up","","","bodyweight_reps","weight_reps","Bodyweight","Shoulders","Triceps|Core|Chest","false","","","draft","","","","","","","","","avoid",""
"false","missing_translation","chair-dip","Chair Dip","","","bodyweight_reps","weight_reps","Chair","Triceps","Chest|Shoulders","false","","","draft","","","","","","","","","avoid",""
"false","missing_translation","doorway-row","Doorway Row","","","bodyweight_reps","weight_reps","Doorway","Back","Biceps|Upper Back|Core","false","","","draft","","","","","","","","","avoid",""
"false","missing_translation","towel-row","Towel Row","","","bodyweight_reps","weight_reps","Towel","Back","Biceps|Upper Back|Core","false","","","draft","","","","","","","","","avoid",""
"false","missing_translation","prone-y-raise","Prone Y Raise","","","bodyweight_reps","weight_reps","Bodyweight","Upper Back","Rear Delts|Shoulders","false","","","draft","","","","","","","","","avoid",""
"false","missing_translation","prone-t-raise","Prone T Raise","","","bodyweight_reps","weight_reps","Bodyweight","Upper Back","Rear Delts|Shoulders","false","","","draft","","","","","","","","","avoid",""
"false","missing_translation","superman","Superman","","","bodyweight_reps","weight_reps","Bodyweight","Lower Back","Glutes|Upper Back|Hamstrings","false","","","draft","","","","","","","","","avoid",""
"false","missing_translation","superman-hold","Superman Hold","","","duration","duration","Bodyweight","Lower Back","Glutes|Upper Back|Hamstrings","false","","","draft","","","","","","","","","avoid",""
"false","missing_translation","reverse-snow-angel","Reverse Snow Angel","","","bodyweight_reps","weight_reps","Bodyweight","Upper Back","Rear Delts|Lower Back|Shoulders","false","","","draft","","","","","","","","","avoid",""
"false","missing_translation","dead-hang","Dead Hang","","","duration","duration","Pull-up Bar","Forearms","Lats|Shoulders|Core","false","","","draft","","","","","","","","","avoid",""
"false","missing_translation","active-hang","Active Hang","","","duration","duration","Pull-up Bar","Lats","Upper Back|Forearms|Core","false","","","draft","","","","","","","","","avoid",""
"false","missing_translation","scapular-pull-up","Scapular Pull-up","","","bodyweight_reps","weight_reps","Pull-up Bar","Lats","Upper Back|Forearms|Core","false","","","draft","","","","","","","","","avoid",""
"false","missing_translation","negative-pull-up","Negative Pull-up","","","bodyweight_reps","weight_reps","Pull-up Bar","Lats","Biceps|Upper Back|Forearms","false","","","draft","","","","","","","","","avoid",""
"false","missing_translation","commando-pull-up","Commando Pull-up","","","bodyweight_reps","weight_reps","Pull-up Bar","Lats","Biceps|Upper Back|Core","false","","","draft","","","","","","","","","avoid",""
"false","missing_translation","l-sit-pull-up","L-Sit Pull-up","","","bodyweight_reps","weight_reps","Pull-up Bar","Lats","Biceps|Core|Forearms","false","","","draft","","","","","","","","","avoid",""
"false","missing_translation","towel-pull-up","Towel Pull-up","","","bodyweight_reps","weight_reps","Towel","Lats","Biceps|Forearms|Upper Back","false","","","draft","","","","","","","","","avoid",""
"false","missing_translation","bodyweight-squat","Bodyweight Squat","","","bodyweight_reps","weight_reps","Bodyweight","Quads","Glutes|Hamstrings|Core","false","","","draft","","","","","","","","","avoid",""
"false","missing_translation","pistol-squat","Pistol Squat","","","bodyweight_reps","weight_reps","Bodyweight","Quads","Glutes|Hamstrings|Core","false","","","draft","","","","","","","","","avoid",""
"false","missing_translation","assisted-pistol-squat","Assisted Pistol Squat","","","bodyweight_reps","weight_reps","Bodyweight","Quads","Glutes|Hamstrings|Core","false","","","draft","","","","","","","","","avoid",""
"false","missing_translation","shrimp-squat","Shrimp Squat","","","bodyweight_reps","weight_reps","Bodyweight","Quads","Glutes|Hamstrings|Core","false","","","draft","","","","","","","","","avoid",""
"false","missing_translation","cossack-squat","Cossack Squat","","","bodyweight_reps","weight_reps","Bodyweight","Quads","Glutes|Hamstrings|Core","false","","","draft","","","","","","","","","avoid",""
"false","missing_translation","sissy-squat","Sissy Squat","","","bodyweight_reps","weight_reps","Bodyweight","Quads","Core|Calves","false","","","draft","","","","","","","","","avoid",""
"false","missing_translation","forward-lunge","Forward Lunge","","","bodyweight_reps","weight_reps","Bodyweight","Quads","Glutes|Hamstrings|Core","false","","","draft","","","","","","","","","avoid",""
"false","missing_translation","lateral-lunge","Lateral Lunge","","","bodyweight_reps","weight_reps","Bodyweight","Quads","Glutes|Hamstrings|Core","false","","","draft","","","","","","","","","avoid",""
"false","missing_translation","curtsy-lunge","Curtsy Lunge","","","bodyweight_reps","weight_reps","Bodyweight","Glutes","Quads|Hamstrings|Core","false","","","draft","","","","","","","","","avoid",""
"false","missing_translation","skater-squat","Skater Squat","","","bodyweight_reps","weight_reps","Bodyweight","Quads","Glutes|Hamstrings|Core","false","","","draft","","","","","","","","","avoid",""
"false","missing_translation","single-leg-box-squat","Single-Leg Box Squat","","","bodyweight_reps","weight_reps","Box","Quads","Glutes|Hamstrings|Core","false","","","draft","","","","","","","","","avoid",""
"false","missing_translation","step-down","Step-Down","","","bodyweight_reps","weight_reps","Box","Quads","Glutes|Hamstrings|Calves","false","","","draft","","","","","","","","","avoid",""
"false","missing_translation","calf-raise","Calf Raise","","","bodyweight_reps","weight_reps","Bodyweight","Calves","","false","","","draft","","","","","","","","","avoid",""
"false","missing_translation","single-leg-calf-raise","Single-Leg Calf Raise","","","bodyweight_reps","weight_reps","Bodyweight","Calves","Core","false","","","draft","","","","","","","","","avoid",""
"false","missing_translation","glute-bridge-march","Glute Bridge March","","","bodyweight_reps","weight_reps","Bodyweight","Glutes","Hamstrings|Core","false","","","draft","","","","","","","","","avoid",""
"false","missing_translation","frog-pump","Frog Pump","","","bodyweight_reps","weight_reps","Bodyweight","Glutes","Hamstrings","false","","","draft","","","","","","","","","avoid",""
"false","missing_translation","donkey-kick","Donkey Kick","","","bodyweight_reps","weight_reps","Bodyweight","Glutes","Hamstrings|Core","false","","","draft","","","","","","","","","avoid",""
"false","missing_translation","fire-hydrant","Fire Hydrant","","","bodyweight_reps","weight_reps","Bodyweight","Glutes","Core","false","","","draft","","","","","","","","","avoid",""
"false","missing_translation","clamshell","Clamshell","","","bodyweight_reps","weight_reps","Bodyweight","Glutes","Core","false","","","draft","","","","","","","","","avoid",""
"false","missing_translation","hip-airplane","Hip Airplane","","","bodyweight_reps","weight_reps","Bodyweight","Glutes","Hamstrings|Core","false","","","draft","","","","","","","","","avoid",""
"false","missing_translation","side-lying-hip-abduction","Side-Lying Hip Abduction","","","bodyweight_reps","weight_reps","Bodyweight","Glutes","Core","false","","","draft","","","","","","","","","avoid",""
"false","missing_translation","side-lying-leg-raise","Side-Lying Leg Raise","","","bodyweight_reps","weight_reps","Bodyweight","Glutes","Core","false","","","draft","","","","","","","","","avoid",""
"false","missing_translation","lying-hamstring-walkout","Lying Hamstring Walkout","","","bodyweight_reps","weight_reps","Bodyweight","Hamstrings","Glutes|Core","false","","","draft","","","","","","","","","avoid",""
"false","missing_translation","towel-hamstring-curl","Towel Hamstring Curl","","","bodyweight_reps","weight_reps","Towel","Hamstrings","Glutes|Core","false","","","draft","","","","","","","","","avoid",""
"false","missing_translation","stability-ball-hamstring-curl","Stability Ball Hamstring Curl","","","bodyweight_reps","weight_reps","Stability Ball","Hamstrings","Glutes|Core","false","","","draft","","","","","","","","","avoid",""
"false","missing_translation","banded-glute-bridge","Banded Glute Bridge","","","bodyweight_reps","weight_reps","Resistance Band","Glutes","Hamstrings|Core","false","","","draft","","","","","","","","","avoid",""
"false","missing_translation","banded-hip-thrust","Banded Hip Thrust","","","bodyweight_reps","weight_reps","Resistance Band","Glutes","Hamstrings|Core","false","","","draft","","","","","","","","","avoid",""
"false","missing_translation","banded-frog-pump","Banded Frog Pump","","","bodyweight_reps","weight_reps","Resistance Band","Glutes","Hamstrings","false","","","draft","","","","","","","","","avoid",""
"false","missing_translation","banded-clamshell","Banded Clamshell","","","bodyweight_reps","weight_reps","Resistance Band","Glutes","Core","false","","","draft","","","","","","","","","avoid",""
"false","missing_translation","banded-lateral-walk","Banded Lateral Walk","","","bodyweight_reps","weight_reps","Resistance Band","Glutes","Quads|Core","false","","","draft","","","","","","","","","avoid",""
"false","missing_translation","banded-monster-walk","Banded Monster Walk","","","bodyweight_reps","weight_reps","Resistance Band","Glutes","Quads|Hamstrings|Core","false","","","draft","","","","","","","","","avoid",""
"false","missing_translation","banded-squat","Banded Squat","","","bodyweight_reps","weight_reps","Resistance Band","Quads","Glutes|Hamstrings|Core","false","","","draft","","","","","","","","","avoid",""
"false","missing_translation","banded-donkey-kick","Banded Donkey Kick","","","bodyweight_reps","weight_reps","Resistance Band","Glutes","Hamstrings|Core","false","","","draft","","","","","","","","","avoid",""
"false","missing_translation","banded-fire-hydrant","Banded Fire Hydrant","","","bodyweight_reps","weight_reps","Resistance Band","Glutes","Core","false","","","draft","","","","","","","","","avoid",""
"false","missing_translation","banded-kickback","Banded Kickback","","","bodyweight_reps","weight_reps","Resistance Band","Glutes","Hamstrings|Core","false","","","draft","","","","","","","","","avoid",""
"false","missing_translation","banded-standing-hip-abduction","Banded Standing Hip Abduction","","","bodyweight_reps","weight_reps","Resistance Band","Glutes","Core","false","","","draft","","","","","","","","","avoid",""
"false","missing_translation","banded-seated-hip-abduction","Banded Seated Hip Abduction","","","bodyweight_reps","weight_reps","Resistance Band","Glutes","Core","false","","","draft","","","","","","","","","avoid",""
"false","missing_translation","band-pull-apart","Band Pull-Apart","","","bodyweight_reps","weight_reps","Resistance Band","Upper Back","Rear Delts|Shoulders","false","","","draft","","","","","","","","","avoid",""
"false","missing_translation","banded-face-pull","Banded Face Pull","","","bodyweight_reps","weight_reps","Resistance Band","Upper Back","Rear Delts|Shoulders","false","","","draft","","","","","","","","","avoid",""
"false","missing_translation","banded-row","Banded Row","","","bodyweight_reps","weight_reps","Resistance Band","Back","Biceps|Upper Back","false","","","draft","","","","","","","","","avoid",""
"false","missing_translation","banded-lat-pulldown","Banded Lat Pulldown","","","bodyweight_reps","weight_reps","Resistance Band","Lats","Biceps|Core","false","","","draft","","","","","","","","","avoid",""
"false","missing_translation","banded-pallof-press","Banded Pallof Press","","","bodyweight_reps","weight_reps","Resistance Band","Core","Glutes|Shoulders","false","","","draft","","","","","","","","","avoid",""
"false","missing_translation","banded-woodchop","Banded Woodchop","","","bodyweight_reps","weight_reps","Resistance Band","Core","Shoulders|Glutes","false","","","draft","","","","","","","","","avoid",""
"false","missing_translation","banded-dead-bug","Banded Dead Bug","","","bodyweight_reps","weight_reps","Resistance Band","Core","Glutes|Shoulders","false","","","draft","","","","","","","","","avoid",""
"false","missing_translation","hollow-body-hold","Hollow Body Hold","","","duration","duration","Bodyweight","Core","Quads","false","","","draft","","","","","","","","","avoid",""
"false","missing_translation","hollow-rock","Hollow Rock","","","bodyweight_reps","weight_reps","Bodyweight","Core","Quads","false","","","draft","","","","","","","","","avoid",""
"false","missing_translation","v-up","V-Up","","","bodyweight_reps","weight_reps","Bodyweight","Core","Quads","false","","","draft","","","","","","","","","avoid",""
"false","missing_translation","flutter-kick","Flutter Kick","","","duration","duration","Bodyweight","Core","Quads","false","","","draft","","","","","","","","","avoid",""
"false","missing_translation","lying-leg-raise","Lying Leg Raise","","","bodyweight_reps","weight_reps","Bodyweight","Core","Quads","false","","","draft","","","","","","","","","avoid",""
"false","missing_translation","toe-touch","Toe Touch","","","bodyweight_reps","weight_reps","Bodyweight","Core","","false","","","draft","","","","","","","","","avoid",""
"false","missing_translation","heel-tap","Heel Tap","","","bodyweight_reps","weight_reps","Bodyweight","Core","","false","","","draft","","","","","","","","","avoid",""
"false","missing_translation","plank-shoulder-tap","Plank Shoulder Tap","","","bodyweight_reps","weight_reps","Bodyweight","Core","Shoulders|Chest","false","","","draft","","","","","","","","","avoid",""
"false","missing_translation","plank-jack","Plank Jack","","","duration","duration","Bodyweight","Core","Shoulders|Cardio","false","","","draft","","","","","","","","","avoid",""
"false","missing_translation","bear-plank","Bear Plank","","","duration","duration","Bodyweight","Core","Quads|Shoulders","false","","","draft","","","","","","","","","avoid",""
"false","missing_translation","bear-crawl","Bear Crawl","","","duration","duration","Bodyweight","Core","Shoulders|Quads|Cardio","false","","","draft","","","","","","","","","avoid",""
"false","missing_translation","crab-walk","Crab Walk","","","duration","duration","Bodyweight","Triceps","Glutes|Core|Shoulders","false","","","draft","","","","","","","","","avoid",""
"false","missing_translation","inchworm","Inchworm","","","bodyweight_reps","weight_reps","Bodyweight","Core","Shoulders|Hamstrings|Chest","false","","","draft","","","","","","","","","avoid",""
"false","missing_translation","l-sit-hold","L-Sit Hold","","","duration","duration","Bodyweight","Core","Triceps|Quads|Shoulders","false","","","draft","","","","","","","","","avoid",""
"false","missing_translation","seated-knee-tuck","Seated Knee Tuck","","","bodyweight_reps","weight_reps","Bodyweight","Core","Quads","false","","","draft","","","","","","","","","avoid",""
"false","missing_translation","side-plank-hip-dip","Side Plank Hip Dip","","","bodyweight_reps","weight_reps","Bodyweight","Core","Shoulders|Glutes","false","","","draft","","","","","","","","","avoid",""
"false","missing_translation","copenhagen-plank","Copenhagen Plank","","","duration","duration","Bodyweight","Core","Quads|Glutes","false","","","draft","","","","","","","","","avoid",""
"false","missing_translation","dragon-flag","Dragon Flag","","","bodyweight_reps","weight_reps","Bodyweight","Core","Lats|Quads","false","","","draft","","","","","","","","","avoid",""
"false","missing_translation","burpee","Burpee","","","bodyweight_reps","weight_reps","Bodyweight","Legs","Chest|Shoulders|Core|Cardio","false","","","draft","","","","","","","","","avoid",""
"false","missing_translation","half-burpee","Half Burpee","","","bodyweight_reps","weight_reps","Bodyweight","Core","Legs|Shoulders|Cardio","false","","","draft","","","","","","","","","avoid",""
"false","missing_translation","squat-thrust","Squat Thrust","","","bodyweight_reps","weight_reps","Bodyweight","Core","Legs|Shoulders|Cardio","false","","","draft","","","","","","","","","avoid",""
"false","missing_translation","high-knees","High Knees","","","duration","duration","Bodyweight","Legs","Core|Cardio","false","","","draft","","","","","","","","","avoid",""
"false","missing_translation","jumping-jack","Jumping Jack","","","duration","duration","Bodyweight","Legs","Shoulders|Calves|Cardio","false","","","draft","","","","","","","","","avoid",""
"false","missing_translation","skater-hop","Skater Hop","","","bodyweight_reps","weight_reps","Bodyweight","Legs","Glutes|Calves|Cardio","false","","","draft","","","","","","","","","avoid",""
"false","missing_translation","lateral-shuffle","Lateral Shuffle","","","duration","duration","Bodyweight","Legs","Glutes|Calves|Cardio","false","","","draft","","","","","","","","","avoid",""
"false","missing_translation","fast-feet","Fast Feet","","","duration","duration","Bodyweight","Calves","Legs|Cardio","false","","","draft","","","","","","","","","avoid",""
"false","missing_translation","sprawl","Sprawl","","","bodyweight_reps","weight_reps","Bodyweight","Legs","Core|Shoulders|Cardio","false","","","draft","","","","","","","","","avoid",""
"false","missing_translation","seal-jack","Seal Jack","","","duration","duration","Bodyweight","Chest","Shoulders|Legs|Cardio","false","","","draft","","","","","","","","","avoid",""
"false","missing_translation","cat-cow-stretch","Cat-Cow Stretch","","","duration","duration","Bodyweight","Mobility","Back|Core","true","","","draft","","","","","","","","","avoid",""
"false","missing_translation","arm-circles","Arm Circles","","","duration","duration","Bodyweight","Shoulders","Chest|Upper Back|Mobility","true","","","draft","","","","","","","","","avoid",""
"false","missing_translation","worlds-greatest-stretch","World's Greatest Stretch","","","duration","duration","Bodyweight","Mobility","Hips|Hamstrings|Upper Back","true","","","draft","","","","","","","","","avoid",""
"false","missing_translation","leg-swings-stretch","Leg Swings","","","duration","duration","Bodyweight","Mobility","Hips|Hamstrings|Quads","true","","","draft","","","","","","","","","avoid",""
"false","missing_translation","torso-twist-stretch","Torso Twists","","","duration","duration","Bodyweight","Mobility","Core|Back","true","","","draft","","","","","","","","","avoid",""
"false","missing_translation","doorway-chest-stretch","Doorway Chest Stretch","","","duration","duration","Doorway","Chest","Shoulders|Mobility","true","","","draft","","","","","","","","","avoid",""
"false","missing_translation","childs-pose","Child's Pose","","","duration","duration","Bodyweight","Back","Shoulders|Hips|Mobility","true","","","draft","","","","","","","","","avoid",""
"false","missing_translation","kneeling-hip-flexor-stretch","Kneeling Hip Flexor Stretch","","","duration","duration","Bodyweight","Hips","Quads|Mobility","true","","","draft","","","","","","","","","avoid",""
"false","missing_translation","hamstring-stretch","Hamstring Stretch","","","duration","duration","Bodyweight","Hamstrings","Calves|Mobility","true","","","draft","","","","","","","","","avoid",""
"false","missing_translation","standing-quad-stretch","Standing Quad Stretch","","","duration","duration","Bodyweight","Quads","Hips|Mobility","true","","","draft","","","","","","","","","avoid",""
"false","missing_translation","seated-forward-fold-stretch","Seated Forward Fold","","","duration","duration","Bodyweight","Hamstrings","Back|Calves|Mobility","true","","","draft","","","","","","","","","avoid",""
"false","missing_translation","cross-body-shoulder-stretch","Cross-Body Shoulder Stretch","","","duration","duration","Bodyweight","Shoulders","Upper Back|Mobility","true","","","draft","","","","","","","","","avoid",""
"false","missing_translation","wall-calf-stretch","Wall Calf Stretch","","","duration","duration","Bodyweight","Calves","Mobility","true","","","draft","","","","","","","","","avoid",""
"false","missing_translation","butterfly-stretch","Butterfly Stretch","","","duration","duration","Bodyweight","Hips","Groin|Mobility","true","","","draft","","","","","","","","","avoid",""
